customer,first_purchase,last_purchase,frequency,monetary,avg_order_value,main_city,recency_days,tenure_days,R_score,F_score,M_score,segment,kmeans_cluster,clv_6m_proxy
CUST-0002,2026-03-05,2026-03-05,1,2250.0,2250.0,Karachi,119,119,1,1,1,Hibernating,1,2377.1186440677966
CUST-0003,2026-05-19,2026-06-25,2,10745.0,5372.5,Lahore,7,44,5,2,5,Loyal / Repeat,2,11959.124293785311
CUST-0004,2026-03-06,2026-03-06,1,3950.0,3950.0,Lahore,118,118,1,1,3,Hibernating,1,4173.163841807909
CUST-0005,2026-03-07,2026-03-07,1,3649.0,3649.0,Karachi,117,117,1,1,2,Hibernating,1,3855.158192090395
CUST-0006,2026-03-08,2026-05-28,2,7100.0,3550.0,Karachi,35,116,3,2,5,At-Risk Repeat,2,7902.25988700565
CUST-0007,2026-03-08,2026-03-08,1,3649.0,3649.0,Lahore,116,116,1,1,2,Hibernating,1,3855.158192090395
CUST-0008,2026-03-09,2026-03-09,1,3499.0,3499.0,Karachi,115,115,1,1,2,Hibernating,1,3696.6836158192086
CUST-0009,2026-03-09,2026-03-09,1,2974.15,2974.15,Karachi,115,115,1,1,1,Hibernating,1,3142.1810734463274
CUST-0010,2026-03-09,2026-03-09,1,2974.15,2974.15,Karachi,115,115,1,1,1,Hibernating,1,3142.1810734463274
CUST-0011,2026-03-09,2026-03-09,1,2974.15,2974.15,Islamabad,115,115,1,1,1,Hibernating,1,3142.1810734463274
CUST-0012,2026-03-09,2026-03-09,1,2974.15,2974.15,Lahore,115,115,1,1,1,Hibernating,1,3142.1810734463274
CUST-0013,2026-03-09,2026-03-09,1,3499.0,3499.0,Hyderabad,115,115,1,1,2,Hibernating,1,3696.6836158192086
CUST-0014,2026-03-09,2026-03-19,2,4188.0,2094.0,Lahore,105,115,1,2,4,At-Risk Repeat,2,4661.220338983051
CUST-0015,2026-03-10,2026-03-10,1,2974.15,2974.15,Islamabad,114,114,1,1,1,Hibernating,1,3142.1810734463274
CUST-0016,2026-03-10,2026-03-10,1,3499.0,3499.0,Faisalabad,114,114,1,1,2,Hibernating,1,3696.6836158192086
CUST-0017,2026-03-10,2026-03-10,1,4250.0,4250.0,Islamabad,114,114,1,1,4,Lost Big Spender,1,4490.112994350282
CUST-0018,2026-03-11,2026-05-03,2,5624.15,2812.075,Other,60,113,1,2,4,At-Risk Repeat,2,6259.647175141243
CUST-0019,2026-03-11,2026-03-11,1,5199.0,5199.0,Islamabad,113,113,1,1,4,Lost Big Spender,1,5492.728813559322
CUST-0020,2026-03-11,2026-04-01,2,7784.25,3892.125,Islamabad,92,113,1,2,5,At-Risk Repeat,2,8663.82627118644
CUST-0021,2026-03-11,2026-06-06,2,6794.0,3397.0,Lahore,26,113,3,2,5,At-Risk Repeat,2,7561.683615819209
CUST-0022,2026-03-12,2026-03-12,1,1950.0,1950.0,Hyderabad,112,112,1,1,1,Hibernating,1,2060.1694915254234
CUST-0023,2026-03-13,2026-03-13,1,3649.0,3649.0,Karachi,111,111,1,1,2,Hibernating,1,3855.158192090395
CUST-0024,2026-03-16,2026-03-16,1,3649.0,3649.0,Other,108,108,1,1,2,Hibernating,1,3855.158192090395
CUST-0026,2026-03-16,2026-06-28,2,6438.12,3219.06,Karachi,4,108,5,2,5,Loyal / Repeat,2,7165.591186440678
CUST-0027,2026-03-18,2026-03-18,1,3649.0,3649.0,Karachi,106,106,1,1,2,Hibernating,1,3855.158192090395
CUST-0028,2026-03-18,2026-03-18,1,3649.0,3649.0,Hyderabad,106,106,1,1,2,Hibernating,1,3855.158192090395
CUST-0029,2026-03-19,2026-03-19,1,3649.0,3649.0,Other,105,105,1,1,2,Hibernating,1,3855.158192090395
CUST-0030,2026-03-22,2026-03-22,1,3649.0,3649.0,Karachi,102,102,1,1,2,Hibernating,1,3855.158192090395
CUST-0031,2026-03-22,2026-03-22,1,5449.0,5449.0,Other,102,102,1,1,4,Lost Big Spender,1,5756.853107344632
CUST-0032,2026-03-22,2026-03-22,1,5929.0,5929.0,Hyderabad,102,102,1,1,4,Lost Big Spender,1,6263.971751412429
CUST-0033,2026-03-23,2026-04-03,2,6300.0,3150.0,Lahore,90,101,1,2,4,At-Risk Repeat,2,7011.864406779661
CUST-0034,2026-03-23,2026-03-23,1,3649.0,3649.0,Karachi,101,101,1,1,2,Hibernating,1,3855.158192090395
CUST-0035,2026-03-24,2026-03-24,1,5749.0,5749.0,Karachi,100,100,1,1,4,Lost Big Spender,1,6073.802259887005
CUST-0036,2026-03-24,2026-03-24,1,2250.0,2250.0,Karachi,100,100,1,1,1,Hibernating,1,2377.1186440677966
CUST-0037,2026-03-24,2026-03-29,2,5599.0,2799.5,Islamabad,95,100,1,2,4,At-Risk Repeat,2,6231.655367231639
CUST-0038,2026-03-24,2026-03-24,1,3649.0,3649.0,Karachi,100,100,1,1,2,Hibernating,1,3855.158192090395
CUST-0039,2026-03-24,2026-03-24,1,3649.0,3649.0,Other,100,100,1,1,2,Hibernating,1,3855.158192090395
CUST-0040,2026-03-24,2026-03-24,1,2430.0,2430.0,Karachi,100,100,1,1,1,Hibernating,1,2567.28813559322
CUST-0041,2026-03-25,2026-05-04,2,6299.0,3149.5,Rawalpindi,59,99,2,2,4,At-Risk Repeat,2,7010.751412429379
CUST-0042,2026-03-25,2026-03-25,1,3649.0,3649.0,Peshawar,99,99,1,1,2,Hibernating,1,3855.158192090395
CUST-0043,2026-03-25,2026-04-26,2,7298.0,3649.0,Sialkot,67,99,1,2,5,At-Risk Repeat,2,8122.632768361583
CUST-0044,2026-03-25,2026-03-25,1,3649.0,3649.0,Lahore,99,99,1,1,2,Hibernating,1,3855.158192090395
CUST-0045,2026-03-26,2026-03-26,1,3150.0,3150.0,Karachi,98,98,1,1,2,Hibernating,1,3327.966101694915
CUST-0046,2026-03-27,2026-03-27,1,3649.0,3649.0,Karachi,97,97,1,1,2,Hibernating,1,3855.158192090395
CUST-0047,2026-03-27,2026-03-27,1,3649.0,3649.0,Islamabad,97,97,1,1,2,Hibernating,1,3855.158192090395
CUST-0048,2026-03-29,2026-03-29,1,2250.0,2250.0,Karachi,95,95,1,1,1,Hibernating,1,2377.1186440677966
CUST-0049,2026-03-29,2026-03-29,1,4750.0,4750.0,Rawalpindi,95,95,1,1,4,Lost Big Spender,1,5018.3615819209035
CUST-0050,2026-03-29,2026-06-02,3,10144.5,3381.5,Other,30,95,3,3,5,At-Risk Repeat,2,11863.906779661016
CUST-0051,2026-03-29,2026-03-29,1,3649.0,3649.0,Karachi,95,95,1,1,2,Hibernating,1,3855.158192090395
CUST-0052,2026-03-29,2026-03-29,1,3749.0,3749.0,Rawalpindi,95,95,1,1,3,Hibernating,1,3960.8079096045194
CUST-0053,2026-03-29,2026-03-29,1,3649.0,3649.0,Lahore,95,95,1,1,2,Hibernating,1,3855.158192090395
CUST-0054,2026-03-30,2026-03-30,1,3649.0,3649.0,Sialkot,94,94,1,1,2,Hibernating,1,3855.158192090395
CUST-0055,2026-03-30,2026-03-30,1,3150.0,3150.0,Lahore,94,94,1,1,2,Hibernating,1,3327.966101694915
CUST-0058,2026-03-31,2026-03-31,1,3649.0,3649.0,Karachi,93,93,1,1,2,Hibernating,1,3855.158192090395
CUST-0059,2026-03-31,2026-03-31,1,3150.0,3150.0,Karachi,93,93,1,1,2,Hibernating,1,3327.966101694915
CUST-0060,2026-03-31,2026-03-31,1,3649.0,3649.0,Sialkot,93,93,1,1,2,Hibernating,1,3855.158192090395
CUST-0061,2026-03-31,2026-06-30,2,6839.12,3419.56,Hyderabad,2,93,5,2,5,Loyal / Repeat,2,7611.901920903955
CUST-0062,2026-03-31,2026-03-31,1,2250.0,2250.0,Karachi,93,93,1,1,1,Hibernating,1,2377.1186440677966
CUST-0063,2026-03-31,2026-03-31,1,4400.0,4400.0,Other,93,93,1,1,4,Lost Big Spender,1,4648.587570621468
CUST-0064,2026-03-31,2026-03-31,1,1950.0,1950.0,Karachi,93,93,1,1,1,Hibernating,1,2060.1694915254234
CUST-0065,2026-04-01,2026-06-01,2,6794.0,3397.0,Lahore,31,92,3,2,5,At-Risk Repeat,2,7561.683615819209
CUST-0066,2026-04-01,2026-04-01,1,3649.0,3649.0,Karachi,92,92,1,1,2,Hibernating,1,3855.158192090395
CUST-0067,2026-04-01,2026-04-01,1,3649.0,3649.0,Islamabad,92,92,1,1,2,Hibernating,1,3855.158192090395
CUST-0068,2026-04-01,2026-04-01,1,3649.0,3649.0,Hyderabad,92,92,1,1,2,Hibernating,1,3855.158192090395
CUST-0069,2026-04-01,2026-04-01,1,3649.0,3649.0,Karachi,92,92,1,1,2,Hibernating,1,3855.158192090395
CUST-0070,2026-04-02,2026-04-02,1,3130.0,3130.0,Islamabad,91,91,1,1,1,Hibernating,1,3306.8361581920904
CUST-0071,2026-04-02,2026-04-02,1,3150.0,3150.0,Karachi,91,91,1,1,2,Hibernating,1,3327.966101694915
CUST-0072,2026-04-03,2026-06-23,4,12875.0,3218.75,Rawalpindi,9,90,5,4,5,Loyal / Repeat,2,15784.60451977401
CUST-0074,2026-04-04,2026-04-04,1,2250.0,2250.0,Lahore,89,89,1,1,1,Hibernating,1,2377.1186440677966
CUST-0075,2026-04-05,2026-04-05,1,5960.0,5960.0,Other,88,88,1,1,4,Lost Big Spender,1,6296.723163841807
CUST-0076,2026-04-06,2026-04-06,1,3150.0,3150.0,Karachi,87,87,1,1,2,Hibernating,1,3327.966101694915
CUST-0077,2026-04-07,2026-04-07,1,2250.0,2250.0,Other,86,86,1,1,1,Hibernating,1,2377.1186440677966
CUST-0078,2026-04-08,2026-04-08,1,3130.0,3130.0,Lahore,85,85,1,1,1,Hibernating,1,3306.8361581920904
CUST-0080,2026-04-09,2026-04-09,1,3649.0,3649.0,Other,84,84,1,1,2,Hibernating,1,3855.158192090395
CUST-0081,2026-04-09,2026-04-09,1,3649.0,3649.0,Other,84,84,1,1,2,Hibernating,1,3855.158192090395
CUST-0082,2026-04-09,2026-04-09,1,3649.0,3649.0,Karachi,84,84,1,1,2,Hibernating,1,3855.158192090395
CUST-0083,2026-04-09,2026-04-09,1,1850.0,1850.0,Other,84,84,1,1,1,Hibernating,1,1954.5197740112992
CUST-0084,2026-04-09,2026-04-09,1,3150.0,3150.0,Lahore,84,84,1,1,2,Hibernating,1,3327.966101694915
CUST-0085,2026-04-09,2026-04-09,1,3649.0,3649.0,Rawalpindi,84,84,1,1,2,Hibernating,1,3855.158192090395
CUST-0086,2026-04-09,2026-04-09,1,3649.0,3649.0,Karachi,84,84,1,1,2,Hibernating,1,3855.158192090395
CUST-0087,2026-04-09,2026-05-19,2,10398.1,5199.05,Karachi,44,84,2,2,5,At-Risk Repeat,2,11573.026553672318
CUST-0088,2026-04-11,2026-04-11,1,5960.0,5960.0,Karachi,82,82,1,1,4,Lost Big Spender,1,6296.723163841807
CUST-0089,2026-04-12,2026-04-12,1,2250.0,2250.0,Lahore,81,81,1,1,1,Hibernating,1,2377.1186440677966
CUST-0090,2026-04-14,2026-04-14,1,4700.0,4700.0,Islamabad,79,79,1,1,4,Lost Big Spender,1,4965.536723163841
CUST-0091,2026-04-16,2026-04-16,1,2430.0,2430.0,Other,77,77,1,1,1,Hibernating,1,2567.28813559322
CUST-0092,2026-04-16,2026-04-16,1,3150.0,3150.0,Lahore,77,77,1,1,2,Hibernating,1,3327.966101694915
CUST-0093,2026-04-16,2026-06-21,2,7599.0,3799.5,Karachi,11,77,5,2,5,Loyal / Repeat,2,8457.644067796611
CUST-0094,2026-04-17,2026-06-14,2,6794.0,3397.0,Islamabad,18,76,4,2,5,Loyal / Repeat,2,7561.683615819209
CUST-0095,2026-04-18,2026-04-18,1,1750.0,1750.0,Other,75,75,1,1,1,Hibernating,1,1848.870056497175
CUST-0096,2026-04-18,2026-04-18,1,3649.0,3649.0,Karachi,75,75,1,1,2,Hibernating,1,3855.158192090395
CUST-0097,2026-04-18,2026-04-23,3,9199.0,3066.3333333333335,Karachi,70,75,1,3,5,At-Risk Repeat,2,10758.152542372882
CUST-0098,2026-04-18,2026-04-18,1,3649.0,3649.0,Lahore,75,75,1,1,2,Hibernating,1,3855.158192090395
CUST-0099,2026-04-18,2026-04-18,1,5299.0,5299.0,Lahore,75,75,1,1,4,Lost Big Spender,1,5598.378531073446
CUST-0100,2026-04-18,2026-04-18,1,3649.0,3649.0,Multan,75,75,1,1,2,Hibernating,1,3855.158192090395
CUST-0101,2026-04-18,2026-06-20,2,6950.0,3475.0,Sialkot,12,75,5,2,5,Loyal / Repeat,2,7735.310734463277
CUST-0102,2026-04-19,2026-04-19,1,3649.0,3649.0,Faisalabad,74,74,1,1,2,Hibernating,1,3855.158192090395
CUST-0103,2026-04-19,2026-04-19,1,2250.0,2250.0,Hyderabad,74,74,1,1,1,Hibernating,1,2377.1186440677966
CUST-0104,2026-04-20,2026-04-20,1,1950.0,1950.0,Other,73,73,1,1,1,Hibernating,1,2060.1694915254234
CUST-0105,2026-04-20,2026-04-20,1,1750.0,1750.0,Other,73,73,1,1,1,Hibernating,1,1848.870056497175
CUST-0106,2026-04-20,2026-04-20,1,3150.0,3150.0,Lahore,73,73,1,1,2,Hibernating,1,3327.966101694915
CUST-0107,2026-04-21,2026-04-21,1,1950.0,1950.0,Islamabad,72,72,1,1,1,Hibernating,1,2060.1694915254234
CUST-0108,2026-04-21,2026-04-21,1,3649.0,3649.0,Other,72,72,1,1,2,Hibernating,1,3855.158192090395
CUST-0109,2026-04-30,2026-05-05,2,7600.0,3800.0,Karachi,58,63,2,2,5,At-Risk Repeat,2,8458.757062146893
CUST-0110,2026-04-26,2026-04-26,1,2250.0,2250.0,Karachi,67,67,1,1,1,Hibernating,1,2377.1186440677966
CUST-0111,2026-04-26,2026-04-26,1,1750.0,1750.0,Rawalpindi,67,67,1,1,1,Hibernating,1,1848.870056497175
CUST-0113,2026-04-26,2026-04-26,1,3649.0,3649.0,Rawalpindi,67,67,1,1,2,Hibernating,1,3855.158192090395
CUST-0114,2026-04-27,2026-04-27,1,3650.0,3650.0,Rawalpindi,66,66,1,1,3,Hibernating,1,3856.2146892655364
CUST-0115,2026-04-27,2026-05-02,2,8050.0,4025.0,Lahore,61,66,1,2,5,At-Risk Repeat,2,8959.604519774011
CUST-0116,2026-04-28,2026-05-23,2,6794.0,3397.0,Lahore,40,65,3,2,5,At-Risk Repeat,2,7561.683615819209
CUST-0117,2026-04-29,2026-04-29,1,1850.0,1850.0,Karachi,64,64,1,1,1,Hibernating,1,1954.5197740112992
CUST-0118,2026-04-29,2026-04-29,1,1950.0,1950.0,Karachi,64,64,1,1,1,Hibernating,1,2060.1694915254234
CUST-0119,2026-04-29,2026-04-29,1,3991.6,3991.6,Rawalpindi,64,64,1,1,4,Lost Big Spender,1,4217.114124293785
CUST-0120,2026-04-29,2026-04-29,1,4558.0,4558.0,Multan,64,64,1,1,4,Lost Big Spender,1,4815.514124293785
CUST-0121,2026-04-29,2026-05-10,2,6780.0,3390.0,Lahore,53,64,2,2,5,At-Risk Repeat,2,7546.1016949152545
CUST-0122,2026-04-30,2026-04-30,1,2460.0,2460.0,Other,63,63,1,1,1,Hibernating,1,2598.9830508474574
CUST-0123,2026-04-30,2026-04-30,1,3649.0,3649.0,Lahore,63,63,1,1,2,Hibernating,1,3855.158192090395
CUST-0124,2026-05-02,2026-05-02,1,1950.0,1950.0,Faisalabad,61,61,1,1,1,Hibernating,1,2060.1694915254234
CUST-0125,2026-05-03,2026-06-14,2,6300.0,3150.0,Karachi,18,60,4,2,5,Loyal / Repeat,2,7011.864406779661
CUST-0126,2026-05-03,2026-05-03,1,3650.0,3650.0,Rawalpindi,60,60,1,1,3,Hibernating,1,3856.2146892655364
CUST-0127,2026-05-03,2026-05-03,1,2500.0,2500.0,Other,60,60,1,1,1,Hibernating,1,2641.2429378531074
CUST-0129,2026-05-03,2026-05-03,1,5850.0,5850.0,Karachi,60,60,1,1,4,Lost Big Spender,3,6180.508474576271
CUST-0130,2026-05-03,2026-05-03,1,2500.0,2500.0,Karachi,60,60,1,1,1,Hibernating,1,2641.2429378531074
CUST-0131,2026-05-04,2026-05-04,1,2650.0,2650.0,Rawalpindi,59,59,2,1,1,Hibernating,1,2799.7175141242938
CUST-0132,2026-05-04,2026-05-04,1,2650.0,2650.0,Other,59,59,2,1,1,Hibernating,1,2799.7175141242938
CUST-0133,2026-05-04,2026-05-07,2,5300.0,2650.0,Multan,56,59,2,2,4,At-Risk Repeat,2,5898.870056497176
CUST-0134,2026-05-04,2026-05-04,1,8200.0,8200.0,Lahore,59,59,2,1,5,Lost Big Spender,3,8663.276836158191
CUST-0135,2026-05-04,2026-05-04,1,6900.0,6900.0,Lahore,59,59,2,1,5,Lost Big Spender,3,7289.830508474576
CUST-0136,2026-05-04,2026-05-04,1,3650.0,3650.0,Other,59,59,2,1,3,Hibernating,1,3856.2146892655364
CUST-0137,2026-05-04,2026-05-04,1,5850.0,5850.0,Lahore,59,59,2,1,4,Lost Big Spender,3,6180.508474576271
CUST-0138,2026-05-04,2026-05-12,2,5050.0,2525.0,Other,51,59,2,2,4,At-Risk Repeat,2,5620.621468926554
CUST-0139,2026-05-04,2026-05-04,1,2350.0,2350.0,Karachi,59,59,2,1,1,Hibernating,1,2482.7683615819205
CUST-0140,2026-05-04,2026-05-04,1,2650.0,2650.0,Lahore,59,59,2,1,1,Hibernating,1,2799.7175141242938
CUST-0141,2026-05-04,2026-05-04,1,2650.0,2650.0,Lahore,59,59,2,1,1,Hibernating,1,2799.7175141242938
CUST-0142,2026-05-04,2026-05-06,2,5950.0,2975.0,Other,57,59,2,2,4,At-Risk Repeat,2,6622.316384180791
CUST-0143,2026-05-04,2026-05-04,1,2650.0,2650.0,Islamabad,59,59,2,1,1,Hibernating,1,2799.7175141242938
CUST-0144,2026-05-04,2026-05-04,1,2350.0,2350.0,Islamabad,59,59,2,1,1,Hibernating,1,2482.7683615819205
CUST-0145,2026-05-04,2026-05-04,1,1450.0,1450.0,Karachi,59,59,2,1,1,Hibernating,1,1531.920903954802
CUST-0146,2026-05-04,2026-05-04,1,2650.0,2650.0,Sialkot,59,59,2,1,1,Hibernating,1,2799.7175141242938
CUST-0147,2026-05-04,2026-05-04,1,6000.0,6000.0,Lahore,59,59,2,1,4,Lost Big Spender,3,6338.983050847457
CUST-0148,2026-05-04,2026-05-04,1,2350.0,2350.0,Karachi,59,59,2,1,1,Hibernating,1,2482.7683615819205
CUST-0149,2026-05-04,2026-05-04,1,2650.0,2650.0,Karachi,59,59,2,1,1,Hibernating,1,2799.7175141242938
CUST-0150,2026-05-04,2026-05-04,1,3650.0,3650.0,Rawalpindi,59,59,2,1,3,Hibernating,1,3856.2146892655364
CUST-0151,2026-05-05,2026-05-05,1,7000.0,7000.0,Islamabad,58,58,2,1,5,Lost Big Spender,3,7395.4802259887
CUST-0152,2026-05-05,2026-05-05,1,2650.0,2650.0,Karachi,58,58,2,1,1,Hibernating,1,2799.7175141242938
CUST-0153,2026-05-05,2026-05-05,1,3650.0,3650.0,Other,58,58,2,1,3,Hibernating,1,3856.2146892655364
CUST-0154,2026-05-05,2026-05-05,1,2650.0,2650.0,Other,58,58,2,1,1,Hibernating,1,2799.7175141242938
CUST-0155,2026-05-05,2026-05-05,1,2650.0,2650.0,Other,58,58,2,1,1,Hibernating,1,2799.7175141242938
CUST-0156,2026-05-05,2026-05-05,1,3650.0,3650.0,Islamabad,58,58,2,1,3,Hibernating,1,3856.2146892655364
CUST-0157,2026-05-05,2026-05-05,1,3650.0,3650.0,Rawalpindi,58,58,2,1,3,Hibernating,1,3856.2146892655364
CUST-0158,2026-05-06,2026-05-06,1,3650.0,3650.0,Lahore,57,57,2,1,3,Hibernating,1,3856.2146892655364
CUST-0159,2026-05-06,2026-05-06,1,3650.0,3650.0,Islamabad,57,57,2,1,3,Hibernating,1,3856.2146892655364
CUST-0160,2026-05-06,2026-05-07,2,8090.0,4045.0,Other,56,57,2,2,5,At-Risk Repeat,2,9004.124293785311
CUST-0161,2026-05-06,2026-05-06,1,2650.0,2650.0,Lahore,57,57,2,1,1,Hibernating,1,2799.7175141242938
CUST-0162,2026-05-06,2026-06-05,2,8340.0,4170.0,Islamabad,27,57,3,2,5,At-Risk Repeat,2,9282.372881355932
CUST-0163,2026-05-06,2026-05-06,1,2650.0,2650.0,Hyderabad,57,57,2,1,1,Hibernating,1,2799.7175141242938
CUST-0164,2026-05-07,2026-05-07,1,3950.0,3950.0,Peshawar,56,56,2,1,3,Hibernating,1,4173.163841807909
CUST-0165,2026-05-07,2026-05-07,1,2650.0,2650.0,Karachi,56,56,2,1,1,Hibernating,1,2799.7175141242938
CUST-0166,2026-05-07,2026-05-07,1,3950.0,3950.0,Hyderabad,56,56,2,1,3,Hibernating,1,4173.163841807909
CUST-0167,2026-05-07,2026-05-07,1,3650.0,3650.0,Multan,56,56,2,1,3,Hibernating,1,3856.2146892655364
CUST-0168,2026-05-07,2026-05-07,1,3950.0,3950.0,Karachi,56,56,2,1,3,Hibernating,1,4173.163841807909
CUST-0169,2026-05-07,2026-05-07,1,3950.0,3950.0,Lahore,56,56,2,1,3,Hibernating,1,4173.163841807909
CUST-0170,2026-05-08,2026-05-08,1,4140.0,4140.0,Lahore,55,55,2,1,4,Lost Big Spender,1,4373.8983050847455
CUST-0171,2026-05-08,2026-05-08,1,3950.0,3950.0,Other,55,55,2,1,3,Hibernating,1,4173.163841807909
CUST-0172,2026-05-08,2026-05-08,1,3950.0,3950.0,Karachi,55,55,2,1,3,Hibernating,1,4173.163841807909
CUST-0173,2026-05-09,2026-05-09,1,2650.0,2650.0,Lahore,54,54,2,1,1,Hibernating,1,2799.7175141242938
CUST-0174,2026-05-09,2026-05-09,1,6000.0,6000.0,Hyderabad,54,54,2,1,4,Lost Big Spender,3,6338.983050847457
CUST-0175,2026-05-09,2026-05-09,1,2650.0,2650.0,Lahore,54,54,2,1,1,Hibernating,1,2799.7175141242938
CUST-0176,2026-05-09,2026-05-09,1,3950.0,3950.0,Other,54,54,2,1,3,Hibernating,1,4173.163841807909
CUST-0177,2026-05-09,2026-05-09,1,3950.0,3950.0,Gujranwala,54,54,2,1,3,Hibernating,1,4173.163841807909
CUST-0178,2026-05-09,2026-05-09,1,3950.0,3950.0,Lahore,54,54,2,1,3,Hibernating,1,4173.163841807909
CUST-0179,2026-05-09,2026-05-09,1,2650.0,2650.0,Hyderabad,54,54,2,1,1,Hibernating,1,2799.7175141242938
CUST-0180,2026-05-10,2026-05-10,1,3950.0,3950.0,Lahore,53,53,2,1,3,Hibernating,1,4173.163841807909
CUST-0181,2026-05-10,2026-05-10,1,2650.0,2650.0,Karachi,53,53,2,1,1,Hibernating,1,2799.7175141242938
CUST-0182,2026-05-11,2026-05-11,1,3650.0,3650.0,Karachi,52,52,2,1,3,Hibernating,1,3856.2146892655364
CUST-0183,2026-05-11,2026-05-11,1,5849.0,5849.0,Lahore,52,52,2,1,4,Lost Big Spender,3,6179.45197740113
CUST-0184,2026-05-11,2026-05-11,1,3650.0,3650.0,Karachi,52,52,2,1,3,Hibernating,1,3856.2146892655364
CUST-0185,2026-05-11,2026-05-11,1,3950.0,3950.0,Multan,52,52,2,1,3,Hibernating,1,4173.163841807909
CUST-0186,2026-05-12,2026-05-12,1,3650.0,3650.0,Islamabad,51,51,2,1,3,Hibernating,1,3856.2146892655364
CUST-0187,2026-05-12,2026-05-12,1,3450.0,3450.0,Other,51,51,2,1,2,Hibernating,1,3644.915254237288
CUST-0188,2026-05-12,2026-05-12,1,3650.0,3650.0,Rawalpindi,51,51,2,1,3,Hibernating,1,3856.2146892655364
CUST-0189,2026-05-13,2026-06-06,2,7300.0,3650.0,Karachi,26,50,3,2,5,At-Risk Repeat,2,8124.858757062148
CUST-0190,2026-05-13,2026-05-24,2,12264.0,6132.0,Other,39,50,3,2,5,At-Risk Repeat,2,13649.762711864407
CUST-0191,2026-05-13,2026-05-13,1,3950.0,3950.0,Gujranwala,50,50,2,1,3,Hibernating,0,4173.163841807909
CUST-0192,2026-05-13,2026-05-13,1,4140.0,4140.0,Karachi,50,50,2,1,4,Lost Big Spender,0,4373.8983050847455
CUST-0193,2026-05-14,2026-05-14,1,3950.0,3950.0,Lahore,49,49,2,1,3,Hibernating,0,4173.163841807909
CUST-0194,2026-05-14,2026-05-14,1,3649.0,3649.0,Karachi,49,49,2,1,2,Hibernating,0,3855.158192090395
CUST-0195,2026-05-14,2026-05-14,1,3950.0,3950.0,Rawalpindi,49,49,2,1,3,Hibernating,0,4173.163841807909
CUST-0196,2026-05-14,2026-05-14,1,3649.0,3649.0,Karachi,49,49,2,1,2,Hibernating,0,3855.158192090395
CUST-0197,2026-05-14,2026-05-14,1,3950.0,3950.0,Lahore,49,49,2,1,3,Hibernating,0,4173.163841807909
CUST-0198,2026-05-15,2026-05-15,1,3950.0,3950.0,Karachi,48,48,2,1,3,Hibernating,0,4173.163841807909
CUST-0199,2026-05-15,2026-06-20,2,7900.0,3950.0,Lahore,12,48,5,2,5,Loyal / Repeat,2,8792.655367231639
CUST-0200,2026-05-15,2026-05-15,1,3950.0,3950.0,Lahore,48,48,2,1,3,Hibernating,0,4173.163841807909
CUST-0201,2026-05-16,2026-05-16,1,5849.0,5849.0,Karachi,47,47,2,1,4,Lost Big Spender,3,6179.45197740113
CUST-0202,2026-05-16,2026-05-16,1,10989.0,10989.0,Other,47,47,2,1,5,Lost Big Spender,3,11609.847457627118
CUST-0203,2026-05-16,2026-05-16,1,11694.0,11694.0,Karachi,47,47,2,1,5,Lost Big Spender,3,12354.677966101694
CUST-0204,2026-05-16,2026-05-16,1,9997.0,9997.0,Karachi,47,47,2,1,5,Lost Big Spender,3,10561.802259887005
CUST-0205,2026-05-16,2026-05-27,3,10744.0,3581.3333333333335,Karachi,36,47,3,3,5,At-Risk Repeat,2,12565.016949152543
CUST-0206,2026-05-16,2026-05-16,1,7299.0,7299.0,Lahore,47,47,2,1,5,Lost Big Spender,3,7711.372881355932
CUST-0207,2026-05-16,2026-05-16,1,3950.0,3950.0,Karachi,47,47,2,1,3,Hibernating,0,4173.163841807909
CUST-0208,2026-05-17,2026-05-21,2,4250.0,2125.0,Lahore,42,46,2,2,4,At-Risk Repeat,2,4730.225988700565
CUST-0209,2026-05-17,2026-05-17,1,3950.0,3950.0,Islamabad,46,46,2,1,3,Hibernating,0,4173.163841807909
CUST-0210,2026-05-18,2026-05-18,1,2350.0,2350.0,Lahore,45,45,2,1,1,Hibernating,0,2482.7683615819205
CUST-0211,2026-05-18,2026-05-18,1,3950.0,3950.0,Lahore,45,45,2,1,3,Hibernating,0,4173.163841807909
CUST-0212,2026-05-19,2026-05-19,1,7600.0,7600.0,Peshawar,44,44,2,1,5,Lost Big Spender,3,8029.378531073446
CUST-0214,2026-05-19,2026-05-19,1,3950.0,3950.0,Karachi,44,44,2,1,3,Hibernating,0,4173.163841807909
CUST-0215,2026-05-20,2026-05-20,1,3950.0,3950.0,Faisalabad,43,43,2,1,3,Hibernating,0,4173.163841807909
CUST-0216,2026-05-21,2026-05-21,1,3950.0,3950.0,Lahore,42,42,2,1,3,Hibernating,0,4173.163841807909
CUST-0217,2026-05-21,2026-05-21,1,3145.0,3145.0,Other,42,42,2,1,1,Hibernating,0,3322.6836158192086
CUST-0218,2026-05-21,2026-05-21,1,13993.0,13993.0,Lahore,42,42,2,1,5,Lost Big Spender,3,14783.564971751412
CUST-0219,2026-05-21,2026-05-21,1,7299.0,7299.0,Karachi,42,42,2,1,5,Lost Big Spender,3,7711.372881355932
CUST-0220,2026-05-21,2026-05-21,1,15795.0,15795.0,Islamabad,42,42,2,1,5,Lost Big Spender,3,16687.372881355932
CUST-0221,2026-05-21,2026-05-21,1,16348.0,16348.0,Lahore,42,42,2,1,5,Lost Big Spender,3,17271.615819209037
CUST-0222,2026-05-21,2026-05-21,1,14285.0,14285.0,Lahore,42,42,2,1,5,Lost Big Spender,3,15092.062146892655
CUST-0223,2026-05-21,2026-05-21,1,12784.0,12784.0,Lahore,42,42,2,1,5,Lost Big Spender,3,13506.259887005648
CUST-0224,2026-05-21,2026-05-21,1,14994.0,14994.0,Karachi,42,42,2,1,5,Lost Big Spender,3,15841.118644067796
CUST-0225,2026-05-21,2026-06-15,2,23099.0,11549.5,Lahore,17,42,4,2,5,Loyal / Repeat,2,25709.056497175145
CUST-0226,2026-05-21,2026-05-21,1,13993.0,13993.0,Rawalpindi,42,42,2,1,5,Lost Big Spender,3,14783.564971751412
CUST-0227,2026-05-21,2026-05-21,1,14294.0,14294.0,Rawalpindi,42,42,2,1,5,Lost Big Spender,3,15101.570621468925
CUST-0228,2026-05-21,2026-05-21,1,11299.0,11299.0,Islamabad,42,42,2,1,5,Lost Big Spender,3,11937.361581920903
CUST-0229,2026-05-21,2026-05-21,1,11295.0,11295.0,Lahore,42,42,2,1,5,Lost Big Spender,3,11933.135593220339
CUST-0230,2026-05-21,2026-05-21,1,11295.0,11295.0,Rawalpindi,42,42,2,1,5,Lost Big Spender,3,11933.135593220339
CUST-0231,2026-05-21,2026-05-21,1,3650.0,3650.0,Karachi,42,42,2,1,3,Hibernating,0,3856.2146892655364
CUST-0232,2026-05-22,2026-05-22,1,3145.0,3145.0,Lahore,41,41,2,1,1,Hibernating,0,3322.6836158192086
CUST-0233,2026-05-22,2026-05-22,1,3140.0,3140.0,Lahore,41,41,2,1,1,Hibernating,0,3317.4011299435024
CUST-0234,2026-05-22,2026-05-22,1,4650.0,4650.0,Lahore,41,41,2,1,4,Lost Big Spender,0,4912.71186440678
CUST-0235,2026-05-22,2026-05-30,2,6290.0,3145.0,Multan,33,41,3,2,4,At-Risk Repeat,2,7000.734463276836
CUST-0236,2026-05-23,2026-05-23,1,3145.0,3145.0,Lahore,40,40,3,1,1,Hibernating,0,3322.6836158192086
CUST-0237,2026-05-23,2026-05-23,1,3145.0,3145.0,Karachi,40,40,3,1,1,Hibernating,0,3322.6836158192086
CUST-0238,2026-05-23,2026-05-24,2,7900.0,3950.0,Lahore,39,40,3,2,5,At-Risk Repeat,2,8792.655367231639
CUST-0239,2026-05-23,2026-05-23,1,3140.0,3140.0,Islamabad,40,40,3,1,1,Hibernating,0,3317.4011299435024
CUST-0240,2026-05-23,2026-06-14,4,15800.0,3950.0,Lahore,18,40,4,4,5,Loyal / Repeat,2,19370.62146892655
CUST-0241,2026-05-23,2026-05-23,1,3145.0,3145.0,Karachi,40,40,3,1,1,Hibernating,0,3322.6836158192086
CUST-0242,2026-05-23,2026-05-23,1,3950.0,3950.0,Karachi,40,40,3,1,3,Hibernating,0,4173.163841807909
CUST-0243,2026-05-23,2026-05-23,1,3145.0,3145.0,Lahore,40,40,3,1,1,Hibernating,0,3322.6836158192086
CUST-0244,2026-05-23,2026-05-23,1,3950.0,3950.0,Karachi,40,40,3,1,3,Hibernating,0,4173.163841807909
CUST-0245,2026-05-23,2026-05-23,1,4650.0,4650.0,Gujranwala,40,40,3,1,4,Hibernating,0,4912.71186440678
CUST-0246,2026-05-23,2026-05-23,1,4650.0,4650.0,Karachi,40,40,3,1,4,Hibernating,0,4912.71186440678
CUST-0247,2026-05-23,2026-05-23,1,3650.0,3650.0,Karachi,40,40,3,1,3,Hibernating,0,3856.2146892655364
CUST-0249,2026-05-23,2026-05-23,1,3650.0,3650.0,Lahore,40,40,3,1,3,Hibernating,0,3856.2146892655364
CUST-0251,2026-05-24,2026-05-24,1,4200.0,4200.0,Rawalpindi,39,39,3,1,4,Hibernating,0,4437.28813559322
CUST-0252,2026-05-24,2026-05-24,1,3650.0,3650.0,Other,39,39,3,1,3,Hibernating,0,3856.2146892655364
CUST-0253,2026-05-24,2026-05-24,1,3300.0,3300.0,Islamabad,39,39,3,1,2,Hibernating,0,3486.4406779661012
CUST-0254,2026-05-24,2026-05-24,1,3649.0,3649.0,Karachi,39,39,3,1,2,Hibernating,0,3855.158192090395
CUST-0255,2026-05-25,2026-05-25,1,3145.0,3145.0,Rawalpindi,38,38,3,1,1,Hibernating,0,3322.6836158192086
CUST-0256,2026-05-25,2026-05-25,1,3145.0,3145.0,Lahore,38,38,3,1,1,Hibernating,0,3322.6836158192086
CUST-0257,2026-05-25,2026-05-25,1,3950.0,3950.0,Gujranwala,38,38,3,1,3,Hibernating,0,4173.163841807909
CUST-0258,2026-05-25,2026-05-25,1,7300.0,7300.0,Islamabad,38,38,3,1,5,Hibernating,3,7712.429378531073
CUST-0259,2026-05-25,2026-05-25,1,8624.12,8624.12,Islamabad,38,38,3,1,5,Hibernating,3,9111.358418079097
CUST-0260,2026-05-25,2026-06-13,3,9940.0,3313.3333333333335,Lahore,19,38,4,3,5,Loyal / Repeat,2,11624.745762711864
CUST-0261,2026-05-26,2026-06-03,2,7300.0,3650.0,Lahore,29,37,3,2,5,At-Risk Repeat,2,8124.858757062148
CUST-0262,2026-05-26,2026-05-26,1,3145.0,3145.0,Karachi,37,37,3,1,1,Hibernating,0,3322.6836158192086
CUST-0263,2026-05-27,2026-05-27,1,3145.0,3145.0,Karachi,36,36,3,1,1,Hibernating,0,3322.6836158192086
CUST-0264,2026-05-28,2026-05-28,1,3950.0,3950.0,Lahore,35,35,3,1,3,Hibernating,0,4173.163841807909
CUST-0265,2026-05-28,2026-06-01,2,5645.0,2822.5,Lahore,31,35,3,2,4,At-Risk Repeat,2,6282.853107344633
CUST-0266,2026-05-29,2026-06-03,2,8850.0,4425.0,Other,29,34,3,2,5,At-Risk Repeat,2,9850.0
CUST-0267,2026-05-30,2026-06-06,2,9634.0,4817.0,Karachi,26,33,3,2,5,At-Risk Repeat,2,10722.58757062147
CUST-0268,2026-05-30,2026-06-06,2,8400.0,4200.0,Lahore,26,33,3,2,5,At-Risk Repeat,2,9349.152542372882
CUST-0269,2026-05-30,2026-05-30,1,7850.0,7850.0,Lahore,33,33,3,1,5,Hibernating,3,8293.502824858757
CUST-0270,2026-05-30,2026-05-30,1,2789.12,2789.12,Other,33,33,3,1,1,Hibernating,0,2946.697401129943
CUST-0271,2026-05-30,2026-05-30,1,7850.0,7850.0,Karachi,33,33,3,1,5,Hibernating,3,8293.502824858757
CUST-0272,2026-05-31,2026-05-31,1,3145.0,3145.0,Other,32,32,3,1,1,Hibernating,0,3322.6836158192086
CUST-0273,2026-05-31,2026-05-31,1,3650.0,3650.0,Karachi,32,32,3,1,3,Hibernating,0,3856.2146892655364
CUST-0274,2026-05-31,2026-05-31,1,3950.0,3950.0,Karachi,32,32,3,1,3,Hibernating,0,4173.163841807909
CUST-0275,2026-05-31,2026-05-31,1,3950.0,3950.0,Other,32,32,3,1,3,Hibernating,0,4173.163841807909
CUST-0276,2026-05-31,2026-05-31,1,3140.0,3140.0,Lahore,32,32,3,1,1,Hibernating,0,3317.4011299435024
CUST-0277,2026-05-31,2026-05-31,1,6495.0,6495.0,Lahore,32,32,3,1,5,Hibernating,3,6861.949152542373
CUST-0278,2026-06-17,2026-06-17,1,3145.0,3145.0,Other,15,15,4,1,1,Recent One-Timer,0,3322.6836158192086
CUST-0279,2026-06-01,2026-06-01,1,10995.0,10995.0,Karachi,31,31,3,1,5,Hibernating,3,11616.186440677966
CUST-0280,2026-06-01,2026-06-01,1,9794.0,9794.0,Lahore,31,31,3,1,5,Hibernating,3,10347.333333333332
CUST-0281,2026-06-01,2026-06-01,1,12144.0,12144.0,Karachi,31,31,3,1,5,Hibernating,3,12830.101694915253
CUST-0282,2026-06-01,2026-06-01,1,3649.0,3649.0,Other,31,31,3,1,2,Hibernating,0,3855.158192090395
CUST-0283,2026-06-01,2026-06-01,1,3950.0,3950.0,Islamabad,31,31,3,1,3,Hibernating,0,4173.163841807909
CUST-0284,2026-06-01,2026-06-01,1,3649.0,3649.0,Lahore,31,31,3,1,2,Hibernating,0,3855.158192090395
CUST-0285,2026-06-01,2026-06-01,1,2789.12,2789.12,Karachi,31,31,3,1,1,Hibernating,0,2946.697401129943
CUST-0286,2026-06-01,2026-06-01,1,7299.0,7299.0,Lahore,31,31,3,1,5,Hibernating,3,7711.372881355932
CUST-0287,2026-06-01,2026-06-01,1,3650.0,3650.0,Rawalpindi,31,31,3,1,3,Hibernating,0,3856.2146892655364
CUST-0288,2026-06-01,2026-06-01,1,3145.0,3145.0,Faisalabad,31,31,3,1,1,Hibernating,0,3322.6836158192086
CUST-0289,2026-06-01,2026-06-01,1,3950.0,3950.0,Karachi,31,31,3,1,3,Hibernating,0,4173.163841807909
CUST-0290,2026-06-01,2026-06-01,1,2799.12,2799.12,Karachi,31,31,3,1,1,Hibernating,0,2957.2623728813555
CUST-0291,2026-06-01,2026-06-01,1,3145.0,3145.0,Karachi,31,31,3,1,1,Hibernating,0,3322.6836158192086
CUST-0292,2026-06-01,2026-06-01,1,3145.0,3145.0,Lahore,31,31,3,1,1,Hibernating,0,3322.6836158192086
CUST-0293,2026-06-01,2026-06-01,1,3650.0,3650.0,Multan,31,31,3,1,3,Hibernating,0,3856.2146892655364
CUST-0294,2026-06-02,2026-06-02,1,3649.0,3649.0,Lahore,30,30,3,1,2,Hibernating,0,3855.158192090395
CUST-0295,2026-06-02,2026-06-02,1,3145.0,3145.0,Rawalpindi,30,30,3,1,2,Hibernating,0,3322.6836158192086
CUST-0296,2026-06-02,2026-06-02,1,2789.12,2789.12,Other,30,30,3,1,1,Hibernating,0,2946.697401129943
CUST-0297,2026-06-02,2026-06-18,3,9649.0,3216.3333333333335,Islamabad,14,30,5,3,5,Loyal / Repeat,2,11284.42372881356
CUST-0298,2026-06-03,2026-06-03,1,3950.0,3950.0,Karachi,29,29,3,1,3,Hibernating,0,4173.163841807909
CUST-0299,2026-06-03,2026-06-03,1,3950.0,3950.0,Lahore,29,29,3,1,3,Hibernating,0,4173.163841807909
CUST-0300,2026-06-03,2026-06-03,1,3950.0,3950.0,Other,29,29,3,1,3,Hibernating,0,4173.163841807909
CUST-0301,2026-06-03,2026-06-03,1,8924.15,8924.15,Lahore,29,29,3,1,5,Hibernating,3,9428.339265536722
CUST-0302,2026-06-03,2026-06-03,1,3950.0,3950.0,Lahore,29,29,3,1,3,Hibernating,0,4173.163841807909
CUST-0303,2026-06-03,2026-06-03,1,4425.0,4425.0,Karachi,29,29,3,1,4,Hibernating,0,4675.0
CUST-0304,2026-06-03,2026-06-03,1,2350.0,2350.0,Islamabad,29,29,3,1,1,Hibernating,0,2482.7683615819205
CUST-0305,2026-06-04,2026-06-04,1,3649.0,3649.0,Lahore,28,28,3,1,2,Hibernating,0,3855.158192090395
CUST-0306,2026-06-04,2026-06-04,1,7299.0,7299.0,Lahore,28,28,3,1,5,Hibernating,3,7711.372881355932
CUST-0307,2026-06-04,2026-06-04,1,4500.0,4500.0,Karachi,28,28,3,1,4,Hibernating,0,4754.237288135593
CUST-0308,2026-06-04,2026-06-04,1,5994.0,5994.0,Lahore,28,28,3,1,4,Hibernating,3,6332.644067796609
CUST-0309,2026-06-04,2026-06-07,2,14994.0,7497.0,Lahore,25,28,3,2,5,At-Risk Repeat,2,16688.237288135595
CUST-0310,2026-06-04,2026-06-04,1,3650.0,3650.0,Lahore,28,28,3,1,3,Hibernating,0,3856.2146892655364
CUST-0312,2026-06-04,2026-06-04,1,5345.0,5345.0,Karachi,28,28,3,1,4,Hibernating,3,5646.977401129943
CUST-0313,2026-06-04,2026-06-04,1,3950.0,3950.0,Karachi,28,28,3,1,3,Hibernating,0,4173.163841807909
CUST-0314,2026-06-04,2026-06-04,1,3950.0,3950.0,Rawalpindi,28,28,3,1,3,Hibernating,0,4173.163841807909
CUST-0315,2026-06-04,2026-06-04,1,8075.0,8075.0,Other,28,28,3,1,5,Hibernating,3,8531.214689265536
CUST-0316,2026-06-04,2026-06-04,1,3145.0,3145.0,Karachi,28,28,3,1,2,Hibernating,0,3322.6836158192086
CUST-0317,2026-06-04,2026-06-04,1,3650.0,3650.0,Hyderabad,28,28,3,1,3,Hibernating,0,3856.2146892655364
CUST-0318,2026-06-04,2026-06-04,1,6795.0,6795.0,Karachi,28,28,3,1,5,Hibernating,3,7178.8983050847455
CUST-0319,2026-06-05,2026-06-05,1,5634.12,5634.12,Lahore,27,27,3,1,4,Hibernating,3,5952.431864406779
CUST-0320,2026-06-05,2026-06-05,1,3950.0,3950.0,Karachi,27,27,3,1,4,Hibernating,0,4173.163841807909
CUST-0321,2026-06-05,2026-06-05,1,6860.0,6860.0,Gujranwala,27,27,3,1,5,Hibernating,3,7247.570621468926
CUST-0322,2026-06-05,2026-06-05,1,3650.0,3650.0,Lahore,27,27,3,1,3,Hibernating,0,3856.2146892655364
CUST-0323,2026-06-05,2026-06-05,1,3145.0,3145.0,Karachi,27,27,3,1,2,Hibernating,0,3322.6836158192086
CUST-0324,2026-06-05,2026-06-05,1,6645.0,6645.0,Other,27,27,3,1,5,Hibernating,3,7020.423728813559
CUST-0325,2026-06-06,2026-06-06,1,3950.0,3950.0,Lahore,26,26,3,1,4,Hibernating,0,4173.163841807909
CUST-0326,2026-06-06,2026-06-06,1,6138.12,6138.12,Faisalabad,26,26,3,1,4,Hibernating,3,6484.906440677965
CUST-0327,2026-06-06,2026-06-28,4,14639.119999999999,3659.7799999999997,Multan,4,26,5,4,5,Loyal / Repeat,2,17947.395706214687
CUST-0328,2026-06-06,2026-06-06,1,3950.0,3950.0,Lahore,26,26,3,1,4,Hibernating,0,4173.163841807909
CUST-0329,2026-06-06,2026-06-06,1,3650.0,3650.0,Lahore,26,26,3,1,3,Hibernating,0,3856.2146892655364
CUST-0330,2026-06-06,2026-06-06,1,3140.0,3140.0,Islamabad,26,26,3,1,1,Hibernating,0,3317.4011299435024
CUST-0331,2026-06-06,2026-06-06,1,3650.0,3650.0,Other,26,26,3,1,3,Hibernating,0,3856.2146892655364
CUST-0332,2026-06-06,2026-06-06,1,3649.0,3649.0,Faisalabad,26,26,3,1,2,Hibernating,0,3855.158192090395
CUST-0334,2026-06-07,2026-06-07,1,8629.12,8629.12,Islamabad,25,25,3,1,5,Hibernating,3,9116.640903954802
CUST-0335,2026-06-07,2026-06-07,1,5634.12,5634.12,Other,25,25,3,1,4,Hibernating,3,5952.431864406779
CUST-0336,2026-06-07,2026-06-07,1,4200.0,4200.0,Multan,25,25,3,1,4,Hibernating,0,4437.28813559322
CUST-0337,2026-06-07,2026-06-07,1,9434.12,9434.12,Karachi,25,25,3,1,5,Hibernating,3,9967.121129943504
CUST-0338,2026-06-07,2026-06-07,1,6439.12,6439.12,Gujranwala,25,25,3,1,5,Hibernating,3,6802.91209039548
CUST-0339,2026-06-07,2026-06-07,1,3145.0,3145.0,Karachi,25,25,3,1,2,Hibernating,0,3322.6836158192086
CUST-0340,2026-06-07,2026-06-07,1,3145.0,3145.0,Other,25,25,3,1,2,Hibernating,0,3322.6836158192086
CUST-0341,2026-06-07,2026-06-07,1,6795.0,6795.0,Rawalpindi,25,25,3,1,5,Hibernating,3,7178.8983050847455
CUST-0342,2026-06-08,2026-06-08,1,3649.0,3649.0,Islamabad,24,24,4,1,2,Recent One-Timer,0,3855.158192090395
CUST-0343,2026-06-08,2026-06-08,1,6859.02,6859.02,Other,24,24,4,1,5,Promising Big Spender,3,7246.535254237288
CUST-0344,2026-06-08,2026-06-08,1,4425.0,4425.0,Lahore,24,24,4,1,4,Promising Big Spender,0,4675.0
CUST-0345,2026-06-08,2026-06-08,1,4425.0,4425.0,Other,24,24,4,1,4,Promising Big Spender,0,4675.0
CUST-0346,2026-06-08,2026-06-08,1,3950.0,3950.0,Lahore,24,24,4,1,4,Promising Big Spender,0,4173.163841807909
CUST-0347,2026-06-08,2026-06-08,1,2789.12,2789.12,Karachi,24,24,4,1,1,Recent One-Timer,0,2946.697401129943
CUST-0348,2026-06-08,2026-06-08,1,5634.12,5634.12,Lahore,24,24,4,1,4,Promising Big Spender,3,5952.431864406779
CUST-0349,2026-06-08,2026-06-08,1,5634.12,5634.12,Lahore,24,24,4,1,4,Promising Big Spender,3,5952.431864406779
CUST-0350,2026-06-08,2026-06-08,1,2789.12,2789.12,Other,24,24,4,1,1,Recent One-Timer,0,2946.697401129943
CUST-0351,2026-06-08,2026-06-14,2,7300.0,3650.0,Other,18,24,4,2,5,Loyal / Repeat,2,8124.858757062148
CUST-0352,2026-06-09,2026-06-09,1,3145.0,3145.0,Other,23,23,4,1,2,Recent One-Timer,0,3322.6836158192086
CUST-0353,2026-06-09,2026-06-09,1,3145.0,3145.0,Lahore,23,23,4,1,2,Recent One-Timer,0,3322.6836158192086
CUST-0354,2026-06-09,2026-06-09,1,3145.0,3145.0,Lahore,23,23,4,1,2,Recent One-Timer,0,3322.6836158192086
CUST-0355,2026-06-09,2026-06-26,2,6290.0,3145.0,Lahore,6,23,5,2,4,Loyal / Repeat,2,7000.734463276836
CUST-0356,2026-06-09,2026-06-09,1,3145.0,3145.0,Karachi,23,23,4,1,2,Recent One-Timer,0,3322.6836158192086
CUST-0357,2026-06-09,2026-06-09,1,3649.0,3649.0,Karachi,23,23,4,1,2,Recent One-Timer,0,3855.158192090395
CUST-0358,2026-06-09,2026-06-09,1,9785.0,9785.0,Islamabad,23,23,4,1,5,Promising Big Spender,3,10337.824858757062
CUST-0359,2026-06-09,2026-06-09,1,3950.0,3950.0,Islamabad,23,23,4,1,4,Promising Big Spender,0,4173.163841807909
CUST-0360,2026-06-09,2026-06-09,1,5850.0,5850.0,Lahore,23,23,4,1,4,Promising Big Spender,3,6180.508474576271
CUST-0361,2026-06-10,2026-06-10,1,4275.0,4275.0,Islamabad,22,22,4,1,4,Promising Big Spender,0,4516.525423728814
CUST-0362,2026-06-10,2026-06-10,1,3950.0,3950.0,Islamabad,22,22,4,1,4,Promising Big Spender,0,4173.163841807909
CUST-0363,2026-06-10,2026-06-10,1,8075.0,8075.0,Lahore,22,22,4,1,5,Promising Big Spender,3,8531.214689265536
CUST-0364,2026-06-10,2026-06-10,1,9434.12,9434.12,Islamabad,22,22,4,1,5,Promising Big Spender,3,9967.121129943504
CUST-0365,2026-06-10,2026-06-10,1,7850.0,7850.0,Karachi,22,22,4,1,5,Promising Big Spender,3,8293.502824858757
CUST-0366,2026-06-10,2026-06-10,1,3145.0,3145.0,Lahore,22,22,4,1,2,Recent One-Timer,0,3322.6836158192086
CUST-0367,2026-06-10,2026-06-10,1,3650.0,3650.0,Islamabad,22,22,4,1,3,Recent One-Timer,0,3856.2146892655364
CUST-0368,2026-06-10,2026-06-10,1,3145.0,3145.0,Lahore,22,22,4,1,2,Recent One-Timer,0,3322.6836158192086
CUST-0369,2026-06-10,2026-06-10,1,3145.0,3145.0,Karachi,22,22,4,1,2,Recent One-Timer,0,3322.6836158192086
CUST-0370,2026-06-10,2026-06-10,1,3650.0,3650.0,Gujranwala,22,22,4,1,3,Recent One-Timer,0,3856.2146892655364
CUST-0371,2026-06-10,2026-06-10,1,4275.0,4275.0,Karachi,22,22,4,1,4,Promising Big Spender,0,4516.525423728814
CUST-0372,2026-06-11,2026-06-11,1,3649.0,3649.0,Karachi,21,21,4,1,2,Recent One-Timer,0,3855.158192090395
CUST-0374,2026-06-11,2026-06-11,1,9989.0,9989.0,Other,21,21,4,1,5,Promising Big Spender,3,10553.350282485875
CUST-0375,2026-06-11,2026-06-11,1,2789.12,2789.12,Karachi,21,21,4,1,1,Recent One-Timer,0,2946.697401129943
CUST-0376,2026-06-11,2026-06-11,1,4400.0,4400.0,Karachi,21,21,4,1,4,Promising Big Spender,0,4648.587570621468
CUST-0377,2026-06-11,2026-06-11,1,11550.0,11550.0,Other,21,21,4,1,5,Promising Big Spender,3,12202.542372881355
CUST-0378,2026-06-11,2026-06-11,1,4050.0,4050.0,Multan,21,21,4,1,4,Promising Big Spender,0,4278.813559322033
CUST-0379,2026-06-11,2026-06-11,1,3145.0,3145.0,Hyderabad,21,21,4,1,2,Recent One-Timer,0,3322.6836158192086
CUST-0380,2026-06-11,2026-06-11,1,6439.12,6439.12,Islamabad,21,21,4,1,5,Promising Big Spender,3,6802.91209039548
CUST-0381,2026-06-12,2026-06-12,1,4050.0,4050.0,Islamabad,20,20,4,1,4,Promising Big Spender,0,4278.813559322033
CUST-0382,2026-06-12,2026-06-12,1,3950.0,3950.0,Islamabad,20,20,4,1,4,Promising Big Spender,0,4173.163841807909
CUST-0383,2026-06-12,2026-06-12,1,4200.0,4200.0,Lahore,20,20,4,1,4,Promising Big Spender,0,4437.28813559322
CUST-0384,2026-06-12,2026-06-12,1,3650.0,3650.0,Karachi,20,20,4,1,3,Recent One-Timer,0,3856.2146892655364
CUST-0385,2026-06-12,2026-06-12,1,3950.0,3950.0,Karachi,20,20,4,1,4,Promising Big Spender,0,4173.163841807909
CUST-0386,2026-06-12,2026-06-12,1,3650.0,3650.0,Lahore,20,20,4,1,3,Recent One-Timer,0,3856.2146892655364
CUST-0387,2026-06-12,2026-06-12,1,3145.0,3145.0,Other,20,20,4,1,2,Recent One-Timer,0,3322.6836158192086
CUST-0388,2026-06-12,2026-06-12,1,3950.0,3950.0,Karachi,20,20,4,1,4,Promising Big Spender,0,4173.163841807909
CUST-0389,2026-06-12,2026-06-12,1,2350.0,2350.0,Other,20,20,4,1,1,Recent One-Timer,0,2482.7683615819205
CUST-0390,2026-06-13,2026-06-13,1,3145.0,3145.0,Lahore,19,19,4,1,2,Recent One-Timer,0,3322.6836158192086
CUST-0391,2026-06-13,2026-06-13,1,3145.0,3145.0,Lahore,19,19,4,1,2,Recent One-Timer,0,3322.6836158192086
CUST-0392,2026-06-13,2026-06-13,1,3650.0,3650.0,Other,19,19,4,1,3,Recent One-Timer,0,3856.2146892655364
CUST-0393,2026-06-13,2026-06-13,1,3145.0,3145.0,Lahore,19,19,4,1,2,Recent One-Timer,0,3322.6836158192086
CUST-0394,2026-06-13,2026-06-13,1,3145.0,3145.0,Islamabad,19,19,4,1,2,Recent One-Timer,0,3322.6836158192086
CUST-0395,2026-06-13,2026-06-13,1,3950.0,3950.0,Karachi,19,19,4,1,4,Promising Big Spender,0,4173.163841807909
CUST-0396,2026-06-13,2026-06-21,2,7299.0,3649.5,Lahore,11,19,5,2,5,Loyal / Repeat,2,8123.745762711865
CUST-0397,2026-06-13,2026-06-13,1,3140.0,3140.0,Rawalpindi,19,19,4,1,1,Recent One-Timer,0,3317.4011299435024
CUST-0398,2026-06-13,2026-06-13,1,3145.0,3145.0,Other,19,19,4,1,2,Recent One-Timer,0,3322.6836158192086
CUST-0399,2026-06-13,2026-06-13,1,3950.0,3950.0,Gujranwala,19,19,4,1,4,Promising Big Spender,0,4173.163841807909
CUST-0400,2026-06-14,2026-06-14,1,3650.0,3650.0,Other,18,18,4,1,3,Recent One-Timer,0,3856.2146892655364
CUST-0401,2026-06-14,2026-06-14,1,14793.0,14793.0,Karachi,18,18,4,1,5,Promising Big Spender,3,15628.762711864405
CUST-0402,2026-06-14,2026-06-14,1,3145.0,3145.0,Lahore,18,18,4,1,2,Recent One-Timer,0,3322.6836158192086
CUST-0403,2026-06-14,2026-06-14,1,3650.0,3650.0,Faisalabad,18,18,4,1,3,Recent One-Timer,0,3856.2146892655364
CUST-0404,2026-06-14,2026-06-14,1,3145.0,3145.0,Karachi,18,18,4,1,2,Recent One-Timer,0,3322.6836158192086
CUST-0405,2026-06-14,2026-06-18,2,7600.0,3800.0,Karachi,14,18,5,2,5,Loyal / Repeat,2,8458.757062146893
CUST-0406,2026-06-15,2026-06-23,2,7598.05,3799.025,Islamabad,9,17,5,2,5,Loyal / Repeat,2,8456.586723163842
CUST-0407,2026-06-15,2026-06-15,1,3650.0,3650.0,Islamabad,17,17,4,1,3,Recent One-Timer,0,3856.2146892655364
CUST-0408,2026-06-15,2026-06-15,1,3145.0,3145.0,Islamabad,17,17,4,1,2,Recent One-Timer,0,3322.6836158192086
CUST-0409,2026-06-15,2026-06-15,1,3949.05,3949.05,Karachi,17,17,4,1,3,Recent One-Timer,0,4172.160169491525
CUST-0410,2026-06-15,2026-06-15,1,3949.05,3949.05,Karachi,17,17,4,1,3,Recent One-Timer,0,4172.160169491525
CUST-0411,2026-06-15,2026-06-15,1,3649.0,3649.0,Hyderabad,17,17,4,1,2,Recent One-Timer,0,3855.158192090395
CUST-0412,2026-06-15,2026-06-15,1,3650.0,3650.0,Islamabad,17,17,4,1,3,Recent One-Timer,0,3856.2146892655364
CUST-0413,2026-06-15,2026-06-15,1,3950.0,3950.0,Karachi,17,17,4,1,4,Promising Big Spender,0,4173.163841807909
CUST-0414,2026-06-15,2026-06-15,1,3950.0,3950.0,Other,17,17,4,1,4,Promising Big Spender,0,4173.163841807909
CUST-0415,2026-06-15,2026-06-15,1,3650.0,3650.0,Lahore,17,17,4,1,3,Recent One-Timer,0,3856.2146892655364
CUST-0416,2026-06-15,2026-06-15,1,2789.12,2789.12,Lahore,17,17,4,1,1,Recent One-Timer,0,2946.697401129943
CUST-0417,2026-06-15,2026-06-15,1,3950.0,3950.0,Lahore,17,17,4,1,4,Promising Big Spender,0,4173.163841807909
CUST-0418,2026-06-16,2026-06-16,1,5634.12,5634.12,Islamabad,16,16,4,1,4,Promising Big Spender,3,5952.431864406779
CUST-0419,2026-06-16,2026-06-16,1,3950.0,3950.0,Karachi,16,16,4,1,4,Promising Big Spender,0,4173.163841807909
CUST-0420,2026-06-16,2026-06-16,1,2789.12,2789.12,Hyderabad,16,16,4,1,1,Recent One-Timer,0,2946.697401129943
CUST-0421,2026-06-16,2026-06-16,1,3150.0,3150.0,Other,16,16,4,1,2,Recent One-Timer,0,3327.966101694915
CUST-0422,2026-06-16,2026-06-16,1,6999.0,6999.0,Lahore,16,16,4,1,5,Promising Big Spender,3,7394.423728813559
CUST-0423,2026-06-16,2026-06-16,1,1650.0,1650.0,Karachi,16,16,4,1,1,Recent One-Timer,0,1743.2203389830506
CUST-0424,2026-06-16,2026-06-16,1,12424.12,12424.12,Lahore,16,16,4,1,5,Promising Big Spender,3,13126.04768361582
CUST-0425,2026-06-16,2026-06-16,1,3145.0,3145.0,Rawalpindi,16,16,4,1,2,Recent One-Timer,0,3322.6836158192086
CUST-0426,2026-06-16,2026-06-16,1,3649.0,3649.0,Rawalpindi,16,16,4,1,2,Recent One-Timer,0,3855.158192090395
CUST-0427,2026-06-16,2026-06-16,1,3145.0,3145.0,Karachi,16,16,4,1,2,Recent One-Timer,0,3322.6836158192086
CUST-0428,2026-06-16,2026-06-16,1,3650.0,3650.0,Gujranwala,16,16,4,1,3,Recent One-Timer,0,3856.2146892655364
CUST-0429,2026-06-16,2026-06-16,1,3950.0,3950.0,Karachi,16,16,4,1,4,Promising Big Spender,0,4173.163841807909
CUST-0430,2026-06-16,2026-06-16,1,5634.12,5634.12,Other,16,16,4,1,4,Promising Big Spender,3,5952.431864406779
CUST-0431,2026-06-16,2026-06-16,1,3145.0,3145.0,Islamabad,16,16,4,1,2,Recent One-Timer,0,3322.6836158192086
CUST-0432,2026-06-17,2026-06-17,1,3650.0,3650.0,Lahore,15,15,4,1,3,Recent One-Timer,0,3856.2146892655364
CUST-0433,2026-06-17,2026-06-17,1,5400.0,5400.0,Other,15,15,4,1,4,Promising Big Spender,0,5705.0847457627115
CUST-0434,2026-06-17,2026-06-17,1,3650.0,3650.0,Lahore,15,15,4,1,3,Recent One-Timer,0,3856.2146892655364
CUST-0435,2026-06-17,2026-06-17,1,3145.0,3145.0,Other,15,15,4,1,2,Recent One-Timer,0,3322.6836158192086
CUST-0436,2026-06-17,2026-06-17,1,3950.0,3950.0,Lahore,15,15,4,1,4,Promising Big Spender,0,4173.163841807909
CUST-0437,2026-06-17,2026-06-17,1,7299.0,7299.0,Other,15,15,4,1,5,Promising Big Spender,3,7711.372881355932
CUST-0438,2026-06-17,2026-06-17,1,3650.0,3650.0,Islamabad,15,15,4,1,3,Recent One-Timer,0,3856.2146892655364
CUST-0439,2026-06-17,2026-06-17,1,1650.0,1650.0,Other,15,15,4,1,1,Recent One-Timer,0,1743.2203389830506
CUST-0440,2026-06-18,2026-06-18,1,6439.12,6439.12,Islamabad,14,14,5,1,5,Promising Big Spender,3,6802.91209039548
CUST-0441,2026-06-18,2026-06-18,1,1650.0,1650.0,Lahore,14,14,5,1,1,Recent One-Timer,0,1743.2203389830506
CUST-0442,2026-06-18,2026-06-18,1,3145.0,3145.0,Faisalabad,14,14,5,1,2,Recent One-Timer,0,3322.6836158192086
CUST-0443,2026-06-18,2026-06-18,1,1650.0,1650.0,Other,14,14,5,1,1,Recent One-Timer,0,1743.2203389830506
CUST-0444,2026-06-18,2026-06-18,1,3949.05,3949.05,Karachi,14,14,5,1,3,Recent One-Timer,0,4172.160169491525
CUST-0445,2026-06-18,2026-06-18,1,3950.0,3950.0,Multan,14,14,5,1,4,Promising Big Spender,0,4173.163841807909
CUST-0446,2026-06-18,2026-06-20,2,13148.12,6574.06,Lahore,12,14,5,2,5,Loyal / Repeat,2,14633.78327683616
CUST-0447,2026-06-18,2026-06-18,1,3649.0,3649.0,Karachi,14,14,5,1,2,Recent One-Timer,0,3855.158192090395
CUST-0448,2026-06-18,2026-06-18,1,5299.05,5299.05,Karachi,14,14,5,1,4,Promising Big Spender,0,5598.431355932204
CUST-0449,2026-06-18,2026-06-18,1,2525.21,2525.21,Karachi,14,14,5,1,1,Recent One-Timer,0,2667.877231638418
CUST-0450,2026-06-18,2026-06-18,1,3145.0,3145.0,Other,14,14,5,1,2,Recent One-Timer,0,3322.6836158192086
CUST-0451,2026-06-18,2026-06-18,1,3100.0,3100.0,Karachi,14,14,5,1,1,Recent One-Timer,0,3275.141242937853
CUST-0452,2026-06-18,2026-06-18,1,3145.0,3145.0,Karachi,14,14,5,1,2,Recent One-Timer,0,3322.6836158192086
CUST-0453,2026-06-18,2026-06-18,1,3649.0,3649.0,Other,14,14,5,1,3,Recent One-Timer,0,3855.158192090395
CUST-0454,2026-06-19,2026-06-19,1,5985.0,5985.0,Karachi,13,13,5,1,4,Promising Big Spender,3,6323.135593220339
CUST-0455,2026-06-19,2026-06-19,1,3949.05,3949.05,Other,13,13,5,1,3,Recent One-Timer,0,4172.160169491525
CUST-0456,2026-06-19,2026-06-28,2,7300.0,3650.0,Lahore,4,13,5,2,5,Loyal / Repeat,2,8124.858757062148
CUST-0457,2026-06-19,2026-06-19,1,3950.0,3950.0,Hyderabad,13,13,5,1,4,Promising Big Spender,0,4173.163841807909
CUST-0458,2026-06-19,2026-06-26,2,7300.0,3650.0,Lahore,6,13,5,2,5,Loyal / Repeat,2,8124.858757062148
CUST-0460,2026-06-20,2026-06-20,1,3145.0,3145.0,Rawalpindi,12,12,5,1,2,Recent One-Timer,0,3322.6836158192086
CUST-0461,2026-06-20,2026-06-20,1,1650.0,1650.0,Karachi,12,12,5,1,1,Recent One-Timer,0,1743.2203389830506
CUST-0462,2026-06-21,2026-06-21,1,3140.0,3140.0,Lahore,11,11,5,1,1,Recent One-Timer,0,3317.4011299435024
CUST-0463,2026-06-21,2026-06-21,1,3650.0,3650.0,Karachi,11,11,5,1,3,Recent One-Timer,0,3856.2146892655364
CUST-0464,2026-06-21,2026-06-21,1,3950.0,3950.0,Karachi,11,11,5,1,4,Promising Big Spender,0,4173.163841807909
CUST-0465,2026-06-21,2026-06-21,1,3950.0,3950.0,Multan,11,11,5,1,4,Promising Big Spender,0,4173.163841807909
CUST-0467,2026-06-21,2026-06-21,1,3749.1,3749.1,Karachi,11,11,5,1,3,Recent One-Timer,0,3960.9135593220335
CUST-0468,2026-06-21,2026-06-21,1,2789.12,2789.12,Lahore,11,11,5,1,1,Recent One-Timer,0,2946.697401129943
CUST-0469,2026-06-21,2026-06-21,1,3950.0,3950.0,Lahore,11,11,5,1,4,Promising Big Spender,0,4173.163841807909
CUST-0470,2026-06-21,2026-06-21,1,3649.0,3649.0,Other,11,11,5,1,3,Recent One-Timer,0,3855.158192090395
CUST-0471,2026-06-21,2026-06-21,1,4999.0,4999.0,Karachi,11,11,5,1,4,Promising Big Spender,0,5281.429378531073
CUST-0472,2026-06-21,2026-06-24,2,5404.05,2702.025,Lahore,8,11,5,2,4,Loyal / Repeat,2,6014.677118644068
CUST-0473,2026-06-21,2026-06-21,1,3649.0,3649.0,Faisalabad,11,11,5,1,3,Recent One-Timer,0,3855.158192090395
CUST-0474,2026-06-21,2026-06-21,1,3949.05,3949.05,Rawalpindi,11,11,5,1,3,Recent One-Timer,0,4172.160169491525
CUST-0475,2026-06-21,2026-06-21,1,3949.05,3949.05,Karachi,11,11,5,1,3,Recent One-Timer,0,4172.160169491525
CUST-0476,2026-06-22,2026-06-22,1,3950.0,3950.0,Rawalpindi,10,10,5,1,4,Promising Big Spender,0,4173.163841807909
CUST-0477,2026-06-22,2026-06-22,1,3749.1,3749.1,Lahore,10,10,5,1,3,Recent One-Timer,0,3960.9135593220335
CUST-0478,2026-06-22,2026-06-27,2,7879.05,3939.525,Sialkot,5,10,5,2,5,Loyal / Repeat,2,8769.338135593222
CUST-0479,2026-06-22,2026-06-22,1,3145.0,3145.0,Karachi,10,10,5,1,2,Recent One-Timer,0,3322.6836158192086
CUST-0480,2026-06-22,2026-06-22,1,6144.0,6144.0,Islamabad,10,10,5,1,4,Promising Big Spender,3,6491.118644067796
CUST-0481,2026-06-22,2026-06-22,1,4999.0,4999.0,Peshawar,10,10,5,1,4,Promising Big Spender,0,5281.429378531073
CUST-0482,2026-06-22,2026-06-22,1,3650.0,3650.0,Lahore,10,10,5,1,3,Recent One-Timer,0,3856.2146892655364
CUST-0483,2026-06-22,2026-06-22,1,3749.1,3749.1,Faisalabad,10,10,5,1,3,Recent One-Timer,0,3960.9135593220335
CUST-0484,2026-06-23,2026-07-01,2,9787.119999999999,4893.5599999999995,Rawalpindi,1,9,5,2,5,Loyal / Repeat,2,10893.009265536723
CUST-0485,2026-06-23,2026-06-23,1,1650.0,1650.0,Other,9,9,5,1,1,Recent One-Timer,0,1743.2203389830506
CUST-0486,2026-06-23,2026-06-23,1,3649.0,3649.0,Lahore,9,9,5,1,3,Recent One-Timer,0,3855.158192090395
CUST-0487,2026-06-23,2026-06-23,1,3950.0,3950.0,Rawalpindi,9,9,5,1,4,Promising Big Spender,0,4173.163841807909
CUST-0488,2026-06-23,2026-06-23,1,3145.0,3145.0,Karachi,9,9,5,1,2,Recent One-Timer,0,3322.6836158192086
CUST-0490,2026-06-23,2026-06-23,1,5300.0,5300.0,Karachi,9,9,5,1,4,Promising Big Spender,0,5599.4350282485875
CUST-0491,2026-06-23,2026-06-23,1,3649.0,3649.0,Other,9,9,5,1,3,Recent One-Timer,0,3855.158192090395
CUST-0492,2026-06-23,2026-06-23,1,3950.0,3950.0,Lahore,9,9,5,1,4,Promising Big Spender,0,4173.163841807909
CUST-0493,2026-06-23,2026-06-23,1,9261.0,9261.0,Karachi,9,9,5,1,5,Promising Big Spender,3,9784.22033898305
CUST-0494,2026-06-23,2026-06-23,1,9434.12,9434.12,Lahore,9,9,5,1,5,Promising Big Spender,3,9967.121129943504
CUST-0495,2026-06-23,2026-06-23,1,3200.0,3200.0,Islamabad,9,9,5,1,2,Recent One-Timer,0,3380.7909604519773
CUST-0496,2026-06-23,2026-06-27,2,9125.0,4562.5,Islamabad,5,9,5,2,5,Loyal / Repeat,2,10156.073446327684
CUST-0497,2026-06-23,2026-06-23,1,3950.0,3950.0,Karachi,9,9,5,1,4,Promising Big Spender,0,4173.163841807909
CUST-0498,2026-06-24,2026-06-24,1,2789.12,2789.12,Other,8,8,5,1,1,Recent One-Timer,0,2946.697401129943
CUST-0499,2026-06-24,2026-06-24,1,3950.0,3950.0,Rawalpindi,8,8,5,1,4,Promising Big Spender,0,4173.163841807909
CUST-0500,2026-06-24,2026-06-24,1,3749.1,3749.1,Islamabad,8,8,5,1,3,Recent One-Timer,0,3960.9135593220335
CUST-0501,2026-06-24,2026-06-24,1,3950.0,3950.0,Hyderabad,8,8,5,1,4,Promising Big Spender,0,4173.163841807909
CUST-0502,2026-06-25,2026-06-25,1,3749.1,3749.1,Islamabad,7,7,5,1,3,Recent One-Timer,0,3960.9135593220335
CUST-0503,2026-06-25,2026-06-25,1,3145.0,3145.0,Islamabad,7,7,5,1,2,Recent One-Timer,0,3322.6836158192086
CUST-0504,2026-06-25,2026-06-25,1,3650.0,3650.0,Other,7,7,5,1,3,Recent One-Timer,0,3856.2146892655364
CUST-0505,2026-06-26,2026-06-26,1,3649.0,3649.0,Lahore,6,6,5,1,3,Recent One-Timer,0,3855.158192090395
CUST-0506,2026-06-26,2026-06-26,1,5985.0,5985.0,Other,6,6,5,1,4,Promising Big Spender,3,6323.135593220339
CUST-0507,2026-06-26,2026-06-26,1,3650.0,3650.0,Lahore,6,6,5,1,3,Recent One-Timer,0,3856.2146892655364
CUST-0508,2026-06-26,2026-06-26,1,3649.0,3649.0,Karachi,6,6,5,1,3,Recent One-Timer,0,3855.158192090395
CUST-0509,2026-06-26,2026-06-26,1,4140.0,4140.0,Other,6,6,5,1,4,Promising Big Spender,0,4373.8983050847455
CUST-0510,2026-06-26,2026-06-26,1,3950.0,3950.0,Lahore,6,6,5,1,4,Promising Big Spender,0,4173.163841807909
CUST-0511,2026-06-27,2026-06-27,1,3145.0,3145.0,Karachi,5,5,5,1,2,Recent One-Timer,0,3322.6836158192086
CUST-0512,2026-06-27,2026-06-27,1,4140.0,4140.0,Sialkot,5,5,5,1,4,Promising Big Spender,0,4373.8983050847455
CUST-0513,2026-06-27,2026-06-27,1,3145.0,3145.0,Rawalpindi,5,5,5,1,2,Recent One-Timer,0,3322.6836158192086
CUST-0514,2026-06-27,2026-06-27,1,1600.0,1600.0,Lahore,5,5,5,1,1,Recent One-Timer,0,1690.3954802259886
CUST-0515,2026-06-28,2026-06-28,1,2789.12,2789.12,Karachi,4,4,5,1,1,Recent One-Timer,0,2946.697401129943
CUST-0516,2026-06-28,2026-06-28,1,1600.0,1600.0,Sialkot,4,4,5,1,1,Recent One-Timer,0,1690.3954802259886
CUST-0517,2026-06-28,2026-06-28,1,2789.12,2789.12,Peshawar,4,4,5,1,1,Recent One-Timer,0,2946.697401129943
CUST-0518,2026-06-28,2026-06-28,1,1650.0,1650.0,Karachi,4,4,5,1,1,Recent One-Timer,0,1743.2203389830506
CUST-0519,2026-06-28,2026-06-28,1,3145.0,3145.0,Lahore,4,4,5,1,2,Recent One-Timer,0,3322.6836158192086
CUST-0520,2026-06-28,2026-06-28,1,3145.0,3145.0,Karachi,4,4,5,1,2,Recent One-Timer,0,3322.6836158192086
CUST-0521,2026-06-28,2026-06-28,1,3650.0,3650.0,Karachi,4,4,5,1,3,Recent One-Timer,0,3856.2146892655364
CUST-0522,2026-06-28,2026-06-28,1,3950.0,3950.0,Lahore,4,4,5,1,4,Promising Big Spender,0,4173.163841807909
CUST-0523,2026-06-29,2026-06-29,1,6489.0,6489.0,Lahore,3,3,5,1,5,Promising Big Spender,3,6855.610169491525
CUST-0524,2026-06-29,2026-06-29,1,7489.0,7489.0,Lahore,3,3,5,1,5,Promising Big Spender,3,7912.107344632768
CUST-0525,2026-06-29,2026-06-29,1,2650.0,2650.0,Other,3,3,5,1,1,Recent One-Timer,0,2799.7175141242938
CUST-0526,2026-06-30,2026-06-30,1,4350.0,4350.0,Other,2,2,5,1,4,Promising Big Spender,0,4595.762711864407
CUST-0527,2026-06-30,2026-06-30,1,3145.0,3145.0,Lahore,2,2,5,1,2,Recent One-Timer,0,3322.6836158192086
CUST-0528,2026-06-30,2026-06-30,1,4140.0,4140.0,Sialkot,2,2,5,1,4,Promising Big Spender,0,4373.8983050847455
CUST-0529,2026-06-30,2026-06-30,1,3145.0,3145.0,Rawalpindi,2,2,5,1,2,Recent One-Timer,0,3322.6836158192086
CUST-0530,2026-06-30,2026-06-30,1,5634.12,5634.12,Lahore,2,2,5,1,4,Promising Big Spender,0,5952.431864406779
CUST-0531,2026-06-30,2026-06-30,1,3950.0,3950.0,Islamabad,2,2,5,1,4,Promising Big Spender,0,4173.163841807909
CUST-0532,2026-06-30,2026-06-30,1,1600.0,1600.0,Karachi,2,2,5,1,1,Recent One-Timer,0,1690.3954802259886
CUST-0533,2026-06-30,2026-06-30,1,8924.15,8924.15,Karachi,2,2,5,1,5,Promising Big Spender,3,9428.339265536722
CUST-0534,2026-06-30,2026-06-30,1,3145.0,3145.0,Other,2,2,5,1,2,Recent One-Timer,0,3322.6836158192086
CUST-0535,2026-06-30,2026-06-30,1,3650.0,3650.0,Islamabad,2,2,5,1,3,Recent One-Timer,0,3856.2146892655364
CUST-0536,2026-06-30,2026-06-30,1,1600.0,1600.0,Lahore,2,2,5,1,1,Recent One-Timer,0,1690.3954802259886
CUST-0537,2026-06-30,2026-06-30,1,3950.0,3950.0,Karachi,2,2,5,1,4,Promising Big Spender,0,4173.163841807909
CUST-0538,2026-06-30,2026-06-30,1,3649.0,3649.0,Lahore,2,2,5,1,3,Recent One-Timer,0,3855.158192090395
CUST-0539,2026-06-30,2026-06-30,1,3649.0,3649.0,Rawalpindi,2,2,5,1,3,Recent One-Timer,0,3855.158192090395
CUST-0540,2026-06-30,2026-06-30,1,13419.12,13419.12,Islamabad,2,2,5,1,5,Promising Big Spender,3,14177.262372881356
CUST-0541,2026-07-01,2026-07-01,1,2650.0,2650.0,Lahore,1,1,5,1,1,Recent One-Timer,0,2799.7175141242938
CUST-0542,2026-07-01,2026-07-01,1,10429.12,10429.12,Rawalpindi,1,1,5,1,5,Promising Big Spender,3,11018.33581920904
CUST-0543,2026-07-01,2026-07-01,1,2650.0,2650.0,Karachi,1,1,5,1,1,Recent One-Timer,0,2799.7175141242938
CUST-0544,2026-07-01,2026-07-01,1,3950.0,3950.0,Karachi,1,1,5,1,4,Promising Big Spender,0,4173.163841807909
CUST-0545,2026-07-01,2026-07-01,1,1600.0,1600.0,Lahore,1,1,5,1,1,Recent One-Timer,0,1690.3954802259886
CUST-0546,2026-07-01,2026-07-01,1,5495.0,5495.0,Islamabad,1,1,5,1,4,Promising Big Spender,0,5805.45197740113
CUST-0547,2026-07-01,2026-07-01,1,3145.0,3145.0,Lahore,1,1,5,1,2,Recent One-Timer,0,3322.6836158192086
CUST-0548,2026-07-01,2026-07-01,1,3650.0,3650.0,Lahore,1,1,5,1,3,Recent One-Timer,0,3856.2146892655364
