order,created_at,cancelled_at,total,customer,city,cancelled,city_group,order_date,order_month
#1001,2026-02-24 11:04:03+00:00,2026-03-03T19:56:44Z,3250.0,CUST-0001,Karachi,True,Karachi,2026-02-24,2026-02-01
#1002,2026-03-05 12:13:58+00:00,,2250.0,CUST-0002,Karachi,False,Karachi,2026-03-05,2026-03-01
#1003,2026-03-05 15:11:13+00:00,2026-03-05T22:57:37Z,3299.1,CUST-0003,Lahore,True,Lahore,2026-03-05,2026-03-01
#1004,2026-03-06 07:03:57+00:00,,3950.0,CUST-0004,Lahore,False,Lahore,2026-03-06,2026-03-01
#1005,2026-03-07 14:49:10+00:00,,3649.0,CUST-0005,Karachi,False,Karachi,2026-03-07,2026-03-01
#1006,2026-03-08 11:06:23+00:00,,3150.0,CUST-0006,Karachi,False,Karachi,2026-03-08,2026-03-01
#1007,2026-03-08 22:23:49+00:00,,3649.0,CUST-0007,Lahore,False,Lahore,2026-03-08,2026-03-01
#1008,2026-03-09 12:25:49+00:00,,3499.0,CUST-0008,Karachi,False,Karachi,2026-03-09,2026-03-01
#1009,2026-03-09 13:03:16+00:00,,2974.15,CUST-0009,Karachi,False,Karachi,2026-03-09,2026-03-01
#1010,2026-03-09 13:04:27+00:00,,2974.15,CUST-0010,Karachi,False,Karachi,2026-03-09,2026-03-01
#1011,2026-03-09 14:39:23+00:00,,2974.15,CUST-0011,Islamabad,False,Islamabad,2026-03-09,2026-03-01
#1012,2026-03-09 14:49:45+00:00,,2974.15,CUST-0012,Lahore,False,Lahore,2026-03-09,2026-03-01
#1013,2026-03-09 18:39:26+00:00,,3499.0,CUST-0013,Hyderabad,False,Hyderabad,2026-03-09,2026-03-01
#1014,2026-03-09 21:17:42+00:00,,1938.0,CUST-0014,Lahore,False,Lahore,2026-03-09,2026-03-01
#1015,2026-03-10 02:33:42+00:00,,2974.15,CUST-0015,Islamabad,False,Islamabad,2026-03-10,2026-03-01
#1016,2026-03-10 10:40:55+00:00,,3499.0,CUST-0016,Faisalabad,False,Faisalabad,2026-03-10,2026-03-01
#1017,2026-03-10 21:55:02+00:00,,4250.0,CUST-0017,Islamabad,False,Islamabad,2026-03-10,2026-03-01
#1018,2026-03-11 01:00:42+00:00,,2974.15,CUST-0018,Bahawalnagar,False,Other,2026-03-11,2026-03-01
#1019,2026-03-11 05:57:23+00:00,,5199.0,CUST-0019,Islamabad,False,Islamabad,2026-03-11,2026-03-01
#1020,2026-03-11 15:50:42+00:00,,5834.25,CUST-0020,Islamabad,False,Islamabad,2026-03-11,2026-03-01
#1021,2026-03-11 21:57:40+00:00,,3649.0,CUST-0021,Lahore,False,Lahore,2026-03-11,2026-03-01
#1022,2026-03-12 17:15:39+00:00,,1950.0,CUST-0022,Hyderabad,False,Hyderabad,2026-03-12,2026-03-01
#1023,2026-03-13 01:58:09+00:00,,3649.0,CUST-0023,Karachi,False,Karachi,2026-03-13,2026-03-01
#1024,2026-03-16 00:40:18+00:00,,3649.0,CUST-0024,Quetta,False,Other,2026-03-16,2026-03-01
#1025,2026-03-16 14:19:49+00:00,,150.0,CUST-0025,Rawalpindi,False,Rawalpindi,2026-03-16,2026-03-01
#1026,2026-03-16 21:09:43+00:00,,3649.0,CUST-0026,Karachi,False,Karachi,2026-03-16,2026-03-01
#1027,2026-03-18 07:48:16+00:00,,3649.0,CUST-0027,Karachi,False,Karachi,2026-03-18,2026-03-01
#1028,2026-03-18 09:47:18+00:00,,3649.0,CUST-0028,Hyderabad,False,Hyderabad,2026-03-18,2026-03-01
#1029,2026-03-19 00:49:24+00:00,,3649.0,CUST-0029,Gujrat,False,Other,2026-03-19,2026-03-01
#1030,2026-03-19 03:48:24+00:00,,2250.0,CUST-0014,Lahore,False,Lahore,2026-03-19,2026-03-01
#1031,2026-03-22 01:33:59+00:00,,3649.0,CUST-0030,Karachi,False,Karachi,2026-03-22,2026-03-01
#1032,2026-03-22 17:33:30+00:00,,5449.0,CUST-0031,Nawabshah,False,Other,2026-03-22,2026-03-01
#1033,2026-03-22 21:54:00+00:00,,5929.0,CUST-0032,Hyderabad,False,Hyderabad,2026-03-22,2026-03-01
#1034,2026-03-23 02:33:49+00:00,,3150.0,CUST-0033,Sialkot,False,Sialkot,2026-03-23,2026-03-01
#1035,2026-03-23 09:30:34+00:00,,3649.0,CUST-0034,Karachi,False,Karachi,2026-03-23,2026-03-01
#1036,2026-03-24 00:29:46+00:00,,5749.0,CUST-0035,Karachi,False,Karachi,2026-03-24,2026-03-01
#1037,2026-03-24 07:29:53+00:00,,2250.0,CUST-0036,Karachi,False,Karachi,2026-03-24,2026-03-01
#1038,2026-03-24 09:25:40+00:00,,1950.0,CUST-0037,Islamabad,False,Islamabad,2026-03-24,2026-03-01
#1039,2026-03-24 17:42:41+00:00,,3649.0,CUST-0038,Karachi,False,Karachi,2026-03-24,2026-03-01
#1040,2026-03-24 18:44:28+00:00,,3649.0,CUST-0039,Okara,False,Other,2026-03-24,2026-03-01
#1041,2026-03-24 21:06:09+00:00,,2430.0,CUST-0040,Karachi,False,Karachi,2026-03-24,2026-03-01
#1042,2026-03-25 11:37:33+00:00,,3649.0,CUST-0041,Rawalpindi,False,Rawalpindi,2026-03-25,2026-03-01
#1043,2026-03-25 14:11:47+00:00,,3649.0,CUST-0042,Peshawar,False,Peshawar,2026-03-25,2026-03-01
#1044,2026-03-25 14:59:54+00:00,,3649.0,CUST-0043,Sialkot,False,Sialkot,2026-03-25,2026-03-01
#1045,2026-03-25 18:06:42+00:00,,3649.0,CUST-0044,Lahore,False,Lahore,2026-03-25,2026-03-01
#1046,2026-03-26 13:25:52+00:00,,3150.0,CUST-0045,Karachi,False,Karachi,2026-03-26,2026-03-01
#1047,2026-03-27 05:18:59+00:00,,3649.0,CUST-0046,Karachi,False,Karachi,2026-03-27,2026-03-01
#1048,2026-03-27 13:18:37+00:00,,3649.0,CUST-0047,Islamabad,False,Islamabad,2026-03-27,2026-03-01
#1049,2026-03-29 02:43:30+00:00,,2250.0,CUST-0048,Karachi,False,Karachi,2026-03-29,2026-03-01
#1050,2026-03-29 09:12:15+00:00,,4750.0,CUST-0049,Rawalpindi,False,Rawalpindi,2026-03-29,2026-03-01
#1051,2026-03-29 13:24:49+00:00,,3649.0,CUST-0050,Muzaffargarh,False,Other,2026-03-29,2026-03-01
#1052,2026-03-29 17:05:12+00:00,,3649.0,CUST-0051,Karachi,False,Karachi,2026-03-29,2026-03-01
#1053,2026-03-29 17:16:01+00:00,,3649.0,CUST-0037,Islamabad,False,Islamabad,2026-03-29,2026-03-01
#1054,2026-03-29 18:43:21+00:00,,3749.0,CUST-0052,Rawalpindi,False,Rawalpindi,2026-03-29,2026-03-01
#1055,2026-03-29 20:55:23+00:00,,3649.0,CUST-0053,Lahore,False,Lahore,2026-03-29,2026-03-01
#1056,2026-03-30 02:19:41+00:00,,3649.0,CUST-0054,Sialkot,False,Sialkot,2026-03-30,2026-03-01
#1057,2026-03-30 08:31:07+00:00,,3150.0,CUST-0055,Lahore,False,Lahore,2026-03-30,2026-03-01
#1058,2026-03-30 09:17:26+00:00,2026-03-30T10:10:10Z,3649.0,CUST-0056,Lahore,True,Lahore,2026-03-30,2026-03-01
#1059,2026-03-30 09:59:46+00:00,,150.0,CUST-0057,Lahore,False,Lahore,2026-03-30,2026-03-01
#1060,2026-03-31 15:53:30+00:00,,3649.0,CUST-0058,Karachi,False,Karachi,2026-03-31,2026-03-01
#1061,2026-03-31 16:15:32+00:00,,3150.0,CUST-0059,Karachi,False,Karachi,2026-03-31,2026-03-01
#1062,2026-03-31 16:37:57+00:00,,3649.0,CUST-0060,Sialkot,False,Sialkot,2026-03-31,2026-03-01
#1063,2026-03-31 16:47:09+00:00,,4050.0,CUST-0061,Hyderabad,False,Hyderabad,2026-03-31,2026-03-01
#1064,2026-03-31 17:22:14+00:00,,2250.0,CUST-0062,Karachi,False,Karachi,2026-03-31,2026-03-01
#1065,2026-03-31 20:40:18+00:00,,4400.0,CUST-0063,Sheikhupura,False,Other,2026-03-31,2026-03-01
#1066,2026-03-31 21:00:49+00:00,,1950.0,CUST-0064,Karachi,False,Karachi,2026-03-31,2026-03-01
#1067,2026-04-01 05:53:17+00:00,,3649.0,CUST-0065,Lahore,False,Lahore,2026-04-01,2026-04-01
#1068,2026-04-01 11:11:22+00:00,,3649.0,CUST-0066,Karachi,False,Karachi,2026-04-01,2026-04-01
#1069,2026-04-01 14:58:49+00:00,,1950.0,CUST-0020,Islamabad,False,Islamabad,2026-04-01,2026-04-01
#1070,2026-04-01 17:16:51+00:00,,3649.0,CUST-0067,Islamabad,False,Islamabad,2026-04-01,2026-04-01
#1071,2026-04-01 19:06:31+00:00,,3649.0,CUST-0068,Hyderabad,False,Hyderabad,2026-04-01,2026-04-01
#1072,2026-04-01 21:22:16+00:00,,3649.0,CUST-0069,Karachi,False,Karachi,2026-04-01,2026-04-01
#1073,2026-04-02 01:19:29+00:00,,3130.0,CUST-0070,Islamabad,False,Islamabad,2026-04-02,2026-04-01
#1074,2026-04-02 16:00:52+00:00,,3150.0,CUST-0071,Karachi,False,Karachi,2026-04-02,2026-04-01
#1075,2026-04-03 09:22:28+00:00,,3130.0,CUST-0072,Rawalpindi,False,Rawalpindi,2026-04-03,2026-04-01
#1076,2026-04-03 11:22:38+00:00,,3150.0,CUST-0033,Lahore,False,Lahore,2026-04-03,2026-04-01
#1077,2026-04-03 14:03:34+00:00,2026-04-03T21:42:08Z,3150.0,CUST-0073,Lahore,True,Lahore,2026-04-03,2026-04-01
#1078,2026-04-04 19:27:45+00:00,,2250.0,CUST-0074,Lahore,False,Lahore,2026-04-04,2026-04-01
#1079,2026-04-05 15:49:58+00:00,,5960.0,CUST-0075,Khairpur,False,Other,2026-04-05,2026-04-01
#1080,2026-04-06 10:10:57+00:00,,3150.0,CUST-0076,Karachi,False,Karachi,2026-04-06,2026-04-01
#1081,2026-04-07 12:53:10+00:00,,2250.0,CUST-0077,Kahuta,False,Other,2026-04-07,2026-04-01
#1082,2026-04-08 13:35:25+00:00,,3130.0,CUST-0078,Lahore,False,Lahore,2026-04-08,2026-04-01
#1083,2026-04-08 22:38:38+00:00,2026-04-09T03:35:00Z,3649.0,CUST-0079,Lahore,True,Lahore,2026-04-08,2026-04-01
#1084,2026-04-09 00:17:59+00:00,,3649.0,CUST-0080,Renala Khurd,False,Other,2026-04-09,2026-04-01
#1085,2026-04-09 07:23:52+00:00,,3649.0,CUST-0081,Sukkur,False,Other,2026-04-09,2026-04-01
#1086,2026-04-09 13:21:38+00:00,,3649.0,CUST-0082,Karachi,False,Karachi,2026-04-09,2026-04-01
#1087,2026-04-09 15:19:46+00:00,,1850.0,CUST-0083,Mirpurkhas,False,Other,2026-04-09,2026-04-01
#1088,2026-04-09 17:14:36+00:00,,3150.0,CUST-0084,Lahore,False,Lahore,2026-04-09,2026-04-01
#1089,2026-04-09 18:30:18+00:00,,3649.0,CUST-0085,Rawalpindi,False,Rawalpindi,2026-04-09,2026-04-01
#1090,2026-04-09 20:43:07+00:00,,3649.0,CUST-0086,Karachi,False,Karachi,2026-04-09,2026-04-01
#1091,2026-04-09 20:50:16+00:00,,3649.0,CUST-0087,Karachi,False,Karachi,2026-04-09,2026-04-01
#1092,2026-04-11 13:49:50+00:00,,5960.0,CUST-0088,Karachi,False,Karachi,2026-04-11,2026-04-01
#1093,2026-04-12 15:52:14+00:00,,2250.0,CUST-0089,Lahore,False,Lahore,2026-04-12,2026-04-01
#1094,2026-04-14 21:22:45+00:00,,4700.0,CUST-0090,Islamabad,False,Islamabad,2026-04-14,2026-04-01
#1095,2026-04-16 11:33:23+00:00,,2430.0,CUST-0091,Mirpurkhas,False,Other,2026-04-16,2026-04-01
#1096,2026-04-16 15:41:50+00:00,,3150.0,CUST-0092,Lahore,False,Lahore,2026-04-16,2026-04-01
#1097,2026-04-16 16:21:55+00:00,,3649.0,CUST-0093,Karachi,False,Karachi,2026-04-16,2026-04-01
#1098,2026-04-17 14:18:21+00:00,,3649.0,CUST-0094,Islamabad,False,Islamabad,2026-04-17,2026-04-01
#1099,2026-04-18 05:52:21+00:00,,1750.0,CUST-0095,Sahiwal,False,Other,2026-04-18,2026-04-01
#1100,2026-04-18 14:07:08+00:00,,3649.0,CUST-0096,Karachi,False,Karachi,2026-04-18,2026-04-01
#1101,2026-04-18 14:31:43+00:00,,5299.0,CUST-0097,Karachi,False,Karachi,2026-04-18,2026-04-01
#1102,2026-04-18 15:02:43+00:00,,3649.0,CUST-0098,Lahore,False,Lahore,2026-04-18,2026-04-01
#1103,2026-04-18 15:23:36+00:00,,5299.0,CUST-0099,Lahore,False,Lahore,2026-04-18,2026-04-01
#1104,2026-04-18 22:38:54+00:00,,3649.0,CUST-0100,Multan,False,Multan,2026-04-18,2026-04-01
#1105,2026-04-18 23:35:46+00:00,,3150.0,CUST-0101,Sialkot,False,Sialkot,2026-04-18,2026-04-01
#1106,2026-04-19 04:21:22+00:00,,3649.0,CUST-0102,Faisalabad,False,Faisalabad,2026-04-19,2026-04-01
#1107,2026-04-19 17:38:47+00:00,,2250.0,CUST-0103,Hyderabad,False,Hyderabad,2026-04-19,2026-04-01
#1108,2026-04-20 13:17:03+00:00,,1950.0,CUST-0104,Sahiwal,False,Other,2026-04-20,2026-04-01
#1109,2026-04-20 14:21:13+00:00,,1750.0,CUST-0105,Gujrat,False,Other,2026-04-20,2026-04-01
#1110,2026-04-20 21:48:12+00:00,,3150.0,CUST-0106,Lahore,False,Lahore,2026-04-20,2026-04-01
#1111,2026-04-21 07:12:38+00:00,,1950.0,CUST-0107,Islamabad,False,Islamabad,2026-04-21,2026-04-01
#1112,2026-04-21 08:53:09+00:00,,3649.0,CUST-0108,Abbottabad,False,Other,2026-04-21,2026-04-01
#1113,2026-04-22 05:14:10+00:00,,1950.0,CUST-0097,Karachi,False,Karachi,2026-04-22,2026-04-01
#1114,2026-04-23 16:27:56+00:00,,1950.0,CUST-0097,Karachi,False,Karachi,2026-04-23,2026-04-01
#1115,2026-04-26 07:40:00+00:00,,3649.0,CUST-0043,Sialkot,False,Sialkot,2026-04-26,2026-04-01
#1116,2026-04-26 09:59:42+00:00,2026-04-26T10:06:29Z,3649.0,CUST-0109,Karachi,True,Karachi,2026-04-26,2026-04-01
#1117,2026-04-26 12:45:45+00:00,,2250.0,CUST-0110,Karachi,False,Karachi,2026-04-26,2026-04-01
#1118,2026-04-26 14:40:50+00:00,,1750.0,CUST-0111,Rawalpindi,False,Rawalpindi,2026-04-26,2026-04-01
#1119,2026-04-26 16:42:08+00:00,2026-04-27T08:31:56Z,3649.0,CUST-0112,Rawalpindi,True,Rawalpindi,2026-04-26,2026-04-01
#1120,2026-04-26 21:42:53+00:00,,3649.0,CUST-0113,Rawalpindi,False,Rawalpindi,2026-04-26,2026-04-01
#1121,2026-04-27 11:50:36+00:00,,3650.0,CUST-0114,Rawalpindi,False,Rawalpindi,2026-04-27,2026-04-01
#1122,2026-04-27 20:23:18+00:00,,4400.0,CUST-0115,Lahore,False,Lahore,2026-04-27,2026-04-01
#1123,2026-04-28 15:07:31+00:00,,3649.0,CUST-0116,Lahore,False,Lahore,2026-04-28,2026-04-01
#1124,2026-04-29 11:37:25+00:00,,1850.0,CUST-0117,Karachi,False,Karachi,2026-04-29,2026-04-01
#1125,2026-04-29 14:09:58+00:00,,1950.0,CUST-0118,Karachi,False,Karachi,2026-04-29,2026-04-01
#1126,2026-04-29 14:14:15+00:00,,3991.6,CUST-0119,Rawalpindi,False,Rawalpindi,2026-04-29,2026-04-01
#1127,2026-04-29 14:27:16+00:00,,4558.0,CUST-0120,Multan,False,Multan,2026-04-29,2026-04-01
#1128,2026-04-29 20:47:24+00:00,,3130.0,CUST-0121,Lahore,False,Lahore,2026-04-29,2026-04-01
#1129,2026-04-30 12:12:13+00:00,,3950.0,CUST-0109,Karachi,False,Karachi,2026-04-30,2026-04-01
#1130,2026-04-30 14:27:51+00:00,,2460.0,CUST-0122,Chakwal,False,Other,2026-04-30,2026-04-01
#1131,2026-04-30 18:40:27+00:00,,3649.0,CUST-0123,Lahore,False,Lahore,2026-04-30,2026-04-01
#1132,2026-05-01 21:31:00+00:00,2026-05-01T21:32:32Z,160.0,CUST-0001,Rawalpindi,True,Rawalpindi,2026-05-01,2026-05-01
#1133,2026-05-02 05:09:41+00:00,,1950.0,CUST-0124,Faisalabad,False,Faisalabad,2026-05-02,2026-05-01
#1134,2026-05-02 08:41:47+00:00,,3650.0,CUST-0115,Lahore,False,Lahore,2026-05-02,2026-05-01
#1135,2026-05-03 21:13:53+00:00,,2650.0,CUST-0125,Karachi,False,Karachi,2026-05-03,2026-05-01
#1136,2026-05-03 22:09:04+00:00,,3650.0,CUST-0126,Rawalpindi,False,Rawalpindi,2026-05-03,2026-05-01
#1137,2026-05-03 22:33:46+00:00,,2650.0,CUST-0018,Bahawalnagar,False,Other,2026-05-03,2026-05-01
#1138,2026-05-03 23:01:47+00:00,,2500.0,CUST-0127,Kotri,False,Other,2026-05-03,2026-05-01
#1139,2026-05-03 23:22:12+00:00,,0.0,CUST-0128,Lahore,False,Lahore,2026-05-03,2026-05-01
#1140,2026-05-03 23:30:23+00:00,,5850.0,CUST-0129,Karachi,False,Karachi,2026-05-03,2026-05-01
#1141,2026-05-03 23:43:10+00:00,,2500.0,CUST-0130,Karachi,False,Karachi,2026-05-03,2026-05-01
#1142,2026-05-04 00:22:12+00:00,,2650.0,CUST-0131,Rawalpindi,False,Rawalpindi,2026-05-04,2026-05-01
#1143,2026-05-04 00:26:20+00:00,,2650.0,CUST-0132,Mirpurkhas,False,Other,2026-05-04,2026-05-01
#1144,2026-05-04 00:44:05+00:00,,2650.0,CUST-0133,Multan,False,Multan,2026-05-04,2026-05-01
#1145,2026-05-04 00:55:05+00:00,,8200.0,CUST-0134,Lahore,False,Lahore,2026-05-04,2026-05-01
#1146,2026-05-04 02:41:38+00:00,,6900.0,CUST-0135,Lahore,False,Lahore,2026-05-04,2026-05-01
#1147,2026-05-04 05:09:29+00:00,,3650.0,CUST-0136,Jhelum,False,Other,2026-05-04,2026-05-01
#1148,2026-05-04 06:10:54+00:00,,5850.0,CUST-0137,Lahore,False,Lahore,2026-05-04,2026-05-01
#1149,2026-05-04 07:33:46+00:00,,2650.0,CUST-0138,Rahim Yar Khan,False,Other,2026-05-04,2026-05-01
#1150,2026-05-04 07:43:54+00:00,,2350.0,CUST-0139,Karachi,False,Karachi,2026-05-04,2026-05-01
#1151,2026-05-04 07:53:35+00:00,,2650.0,CUST-0041,Rawalpindi,False,Rawalpindi,2026-05-04,2026-05-01
#1152,2026-05-04 08:31:11+00:00,,2650.0,CUST-0140,Lahore,False,Lahore,2026-05-04,2026-05-01
#1153,2026-05-04 09:39:41+00:00,,2650.0,CUST-0141,Lahore,False,Lahore,2026-05-04,2026-05-01
#1154,2026-05-04 09:42:47+00:00,,2650.0,CUST-0142,Sahiwal,False,Other,2026-05-04,2026-05-01
#1155,2026-05-04 10:28:31+00:00,,2650.0,CUST-0143,Islamabad,False,Islamabad,2026-05-04,2026-05-01
#1156,2026-05-04 11:10:26+00:00,,2350.0,CUST-0144,Islamabad,False,Islamabad,2026-05-04,2026-05-01
#1157,2026-05-04 11:44:28+00:00,,1450.0,CUST-0145,Karachi,False,Karachi,2026-05-04,2026-05-01
#1158,2026-05-04 12:01:49+00:00,,2650.0,CUST-0146,Sialkot,False,Sialkot,2026-05-04,2026-05-01
#1159,2026-05-04 13:42:06+00:00,,6000.0,CUST-0147,Lahore,False,Lahore,2026-05-04,2026-05-01
#1160,2026-05-04 14:54:21+00:00,,2350.0,CUST-0148,Karachi,False,Karachi,2026-05-04,2026-05-01
#1161,2026-05-04 15:22:25+00:00,,2650.0,CUST-0149,Karachi,False,Karachi,2026-05-04,2026-05-01
#1162,2026-05-04 17:06:52+00:00,,2650.0,CUST-0072,Rawalpindi,False,Rawalpindi,2026-05-04,2026-05-01
#1163,2026-05-04 17:45:06+00:00,,3650.0,CUST-0150,Rawalpindi,False,Rawalpindi,2026-05-04,2026-05-01
#1164,2026-05-05 01:26:45+00:00,,7000.0,CUST-0151,Islamabad,False,Islamabad,2026-05-05,2026-05-01
#1165,2026-05-05 15:09:30+00:00,,2650.0,CUST-0152,Karachi,False,Karachi,2026-05-05,2026-05-01
#1166,2026-05-05 17:17:49+00:00,,3650.0,CUST-0153,Muzaffargarh,False,Other,2026-05-05,2026-05-01
#1167,2026-05-05 17:23:49+00:00,,3650.0,CUST-0050,Muzaffargarh,False,Other,2026-05-05,2026-05-01
#1168,2026-05-05 17:30:13+00:00,,2650.0,CUST-0154,Other (Punjab),False,Other,2026-05-05,2026-05-01
#1169,2026-05-05 17:36:30+00:00,,2650.0,CUST-0155,Sadiqabad,False,Other,2026-05-05,2026-05-01
#1170,2026-05-05 18:26:34+00:00,2026-05-05T19:38:04Z,3650.0,CUST-0143,Islamabad,True,Islamabad,2026-05-05,2026-05-01
#1171,2026-05-05 18:51:55+00:00,,3650.0,CUST-0156,Islamabad,False,Islamabad,2026-05-05,2026-05-01
#1172,2026-05-05 19:04:00+00:00,,3650.0,CUST-0109,Karachi,False,Karachi,2026-05-05,2026-05-01
#1173,2026-05-05 20:18:09+00:00,,3650.0,CUST-0157,Rawalpindi,False,Rawalpindi,2026-05-05,2026-05-01
#1174,2026-05-06 04:34:58+00:00,,3650.0,CUST-0158,Lahore,False,Lahore,2026-05-06,2026-05-01
#1175,2026-05-06 14:24:55+00:00,,3650.0,CUST-0159,Islamabad,False,Islamabad,2026-05-06,2026-05-01
#1176,2026-05-06 19:34:42+00:00,,3950.0,CUST-0160,Digri,False,Other,2026-05-06,2026-05-01
#1177,2026-05-06 20:23:11+00:00,,3300.0,CUST-0142,Sahiwal,False,Other,2026-05-06,2026-05-01
#1178,2026-05-06 20:40:10+00:00,,2650.0,CUST-0161,Lahore,False,Lahore,2026-05-06,2026-05-01
#1179,2026-05-06 21:26:08+00:00,,4140.0,CUST-0162,Islamabad,False,Islamabad,2026-05-06,2026-05-01
#1180,2026-05-06 22:34:01+00:00,,2650.0,CUST-0163,Hyderabad,False,Hyderabad,2026-05-06,2026-05-01
#1181,2026-05-07 03:10:49+00:00,,3950.0,CUST-0164,Peshawar,False,Peshawar,2026-05-07,2026-05-01
#1182,2026-05-07 11:21:04+00:00,,2650.0,CUST-0165,Karachi,False,Karachi,2026-05-07,2026-05-01
#1183,2026-05-07 13:07:37+00:00,,4140.0,CUST-0160,Digri,False,Other,2026-05-07,2026-05-01
#1184,2026-05-07 16:18:48+00:00,,3950.0,CUST-0166,Hyderabad,False,Hyderabad,2026-05-07,2026-05-01
#1185,2026-05-07 16:22:46+00:00,,3650.0,CUST-0167,Multan,False,Multan,2026-05-07,2026-05-01
#1186,2026-05-07 18:08:55+00:00,,3950.0,CUST-0168,Karachi,False,Karachi,2026-05-07,2026-05-01
#1187,2026-05-07 18:45:45+00:00,,2650.0,CUST-0133,Multan,False,Multan,2026-05-07,2026-05-01
#1188,2026-05-07 19:07:22+00:00,,3950.0,CUST-0169,Lahore,False,Lahore,2026-05-07,2026-05-01
#1189,2026-05-08 12:28:33+00:00,,4140.0,CUST-0170,Lahore,False,Lahore,2026-05-08,2026-05-01
#1190,2026-05-08 14:47:33+00:00,,3950.0,CUST-0171,Petaro,False,Other,2026-05-08,2026-05-01
#1191,2026-05-08 15:23:11+00:00,,3950.0,CUST-0172,Karachi,False,Karachi,2026-05-08,2026-05-01
#1192,2026-05-09 08:14:11+00:00,,2650.0,CUST-0173,Lahore,False,Lahore,2026-05-09,2026-05-01
#1193,2026-05-09 14:36:43+00:00,,6000.0,CUST-0174,Hyderabad,False,Hyderabad,2026-05-09,2026-05-01
#1194,2026-05-09 15:46:00+00:00,,2650.0,CUST-0175,Lahore,False,Lahore,2026-05-09,2026-05-01
#1195,2026-05-09 17:44:58+00:00,,3950.0,CUST-0176,Kotri,False,Other,2026-05-09,2026-05-01
#1196,2026-05-09 18:53:30+00:00,,3950.0,CUST-0177,Gujranwala,False,Gujranwala,2026-05-09,2026-05-01
#1197,2026-05-09 20:53:25+00:00,,3950.0,CUST-0178,Lahore,False,Lahore,2026-05-09,2026-05-01
#1198,2026-05-09 23:19:24+00:00,,2650.0,CUST-0179,Hyderabad,False,Hyderabad,2026-05-09,2026-05-01
#1199,2026-05-10 09:02:59+00:00,,3950.0,CUST-0180,Lahore,False,Lahore,2026-05-10,2026-05-01
#1200,2026-05-10 14:27:20+00:00,,2650.0,CUST-0181,Karachi,False,Karachi,2026-05-10,2026-05-01
#1201,2026-05-10 18:47:49+00:00,,3650.0,CUST-0121,Lahore,False,Lahore,2026-05-10,2026-05-01
#1202,2026-05-11 07:27:21+00:00,,3650.0,CUST-0182,Karachi,False,Karachi,2026-05-11,2026-05-01
#1203,2026-05-11 09:11:21+00:00,,5849.0,CUST-0183,Lahore,False,Lahore,2026-05-11,2026-05-01
#1204,2026-05-11 11:18:44+00:00,,3650.0,CUST-0184,Karachi,False,Karachi,2026-05-11,2026-05-01
#1205,2026-05-11 11:49:36+00:00,,3950.0,CUST-0185,Multan,False,Multan,2026-05-11,2026-05-01
#1206,2026-05-12 06:20:30+00:00,,3650.0,CUST-0186,Islamabad,False,Islamabad,2026-05-12,2026-05-01
#1207,2026-05-12 16:43:13+00:00,,2400.0,CUST-0138,Rahim Yar Khan,False,Other,2026-05-12,2026-05-01
#1208,2026-05-12 19:44:28+00:00,,3450.0,CUST-0187,Bahawalpur,False,Other,2026-05-12,2026-05-01
#1209,2026-05-12 20:11:17+00:00,,3650.0,CUST-0188,Rawalpindi,False,Rawalpindi,2026-05-12,2026-05-01
#1210,2026-05-13 01:15:54+00:00,,3650.0,CUST-0189,Karachi,False,Karachi,2026-05-13,2026-05-01
#1211,2026-05-13 10:30:14+00:00,,7489.0,CUST-0190,Rahim Yar Khan,False,Other,2026-05-13,2026-05-01
#1212,2026-05-13 16:27:06+00:00,,3950.0,CUST-0191,Gujranwala,False,Gujranwala,2026-05-13,2026-05-01
#1213,2026-05-13 20:12:56+00:00,,4140.0,CUST-0192,Karachi,False,Karachi,2026-05-13,2026-05-01
#1214,2026-05-14 02:14:41+00:00,,3950.0,CUST-0193,Lahore,False,Lahore,2026-05-14,2026-05-01
#1215,2026-05-14 07:11:42+00:00,,3649.0,CUST-0194,Karachi,False,Karachi,2026-05-14,2026-05-01
#1216,2026-05-14 16:56:57+00:00,,3950.0,CUST-0195,Rawalpindi,False,Rawalpindi,2026-05-14,2026-05-01
#1217,2026-05-14 19:24:41+00:00,,3649.0,CUST-0196,Karachi,False,Karachi,2026-05-14,2026-05-01
#1218,2026-05-14 21:45:51+00:00,,3950.0,CUST-0197,Lahore,False,Lahore,2026-05-14,2026-05-01
#1219,2026-05-15 05:47:25+00:00,,3950.0,CUST-0198,Karachi,False,Karachi,2026-05-15,2026-05-01
#1220,2026-05-15 15:42:58+00:00,,3950.0,CUST-0199,Lahore,False,Lahore,2026-05-15,2026-05-01
#1221,2026-05-15 16:41:40+00:00,,3950.0,CUST-0200,Lahore,False,Lahore,2026-05-15,2026-05-01
#1222,2026-05-16 08:19:49+00:00,,5849.0,CUST-0201,Karachi,False,Karachi,2026-05-16,2026-05-01
#1223,2026-05-16 08:29:49+00:00,,10989.0,CUST-0202,Muzaffarabad (AJK),False,Other,2026-05-16,2026-05-01
#1224,2026-05-16 08:51:35+00:00,,11694.0,CUST-0203,Karachi,False,Karachi,2026-05-16,2026-05-01
#1225,2026-05-16 09:01:05+00:00,,9997.0,CUST-0204,Karachi,False,Karachi,2026-05-16,2026-05-01
#1226,2026-05-16 12:16:48+00:00,,3950.0,CUST-0205,Karachi,False,Karachi,2026-05-16,2026-05-01
#1227,2026-05-16 16:25:31+00:00,,7299.0,CUST-0206,Lahore,False,Lahore,2026-05-16,2026-05-01
#1228,2026-05-16 17:32:30+00:00,,3950.0,CUST-0207,Karachi,False,Karachi,2026-05-16,2026-05-01
#1229,2026-05-17 11:46:22+00:00,,3650.0,CUST-0208,Lahore,False,Lahore,2026-05-17,2026-05-01
#1230,2026-05-17 15:34:10+00:00,,3950.0,CUST-0209,Islamabad,False,Islamabad,2026-05-17,2026-05-01
#1231,2026-05-18 09:07:18+00:00,,2350.0,CUST-0210,Lahore,False,Lahore,2026-05-18,2026-05-01
#1232,2026-05-18 09:09:55+00:00,,3950.0,CUST-0211,Lahore,False,Lahore,2026-05-18,2026-05-01
#1233,2026-05-19 14:29:10+00:00,,6795.0,CUST-0003,Lahore,False,Lahore,2026-05-19,2026-05-01
#1234,2026-05-19 15:09:38+00:00,,7600.0,CUST-0212,Peshawar,False,Peshawar,2026-05-19,2026-05-01
#1235,2026-05-19 17:49:37+00:00,,249.0,CUST-0213,Lahore,False,Lahore,2026-05-19,2026-05-01
#1236,2026-05-19 21:27:35+00:00,,3950.0,CUST-0214,Karachi,False,Karachi,2026-05-19,2026-05-01
#1237,2026-05-19 21:42:18+00:00,,6749.1,CUST-0087,Karachi,False,Karachi,2026-05-19,2026-05-01
#1238,2026-05-20 12:46:43+00:00,,3649.0,CUST-0205,Karachi,False,Karachi,2026-05-20,2026-05-01
#1239,2026-05-20 18:50:42+00:00,,3950.0,CUST-0215,Faisalabad,False,Faisalabad,2026-05-20,2026-05-01
#1240,2026-05-21 04:08:51+00:00,,600.0,CUST-0208,Lahore,False,Lahore,2026-05-21,2026-05-01
#1241,2026-05-21 07:50:55+00:00,,3950.0,CUST-0216,Lahore,False,Lahore,2026-05-21,2026-05-01
#1242,2026-05-21 09:41:54+00:00,,3145.0,CUST-0217,Bahawalpur,False,Other,2026-05-21,2026-05-01
#1243,2026-05-21 12:21:38+00:00,,13993.0,CUST-0218,Lahore,False,Lahore,2026-05-21,2026-05-01
#1244,2026-05-21 12:30:41+00:00,,7299.0,CUST-0219,Karachi,False,Karachi,2026-05-21,2026-05-01
#1245,2026-05-21 12:37:14+00:00,,15795.0,CUST-0220,Islamabad,False,Islamabad,2026-05-21,2026-05-01
#1246,2026-05-21 12:40:00+00:00,,16348.0,CUST-0221,Lahore,False,Lahore,2026-05-21,2026-05-01
#1247,2026-05-21 12:46:11+00:00,,14285.0,CUST-0222,Lahore,False,Lahore,2026-05-21,2026-05-01
#1248,2026-05-21 12:48:51+00:00,,12784.0,CUST-0223,Lahore,False,Lahore,2026-05-21,2026-05-01
#1249,2026-05-21 12:51:46+00:00,,14994.0,CUST-0224,Karachi,False,Karachi,2026-05-21,2026-05-01
#1250,2026-05-21 12:54:47+00:00,,11800.0,CUST-0225,Lahore,False,Lahore,2026-05-21,2026-05-01
#1251,2026-05-21 13:00:28+00:00,,13993.0,CUST-0226,Rawalpindi,False,Rawalpindi,2026-05-21,2026-05-01
#1252,2026-05-21 13:03:58+00:00,,14294.0,CUST-0227,Rawalpindi,False,Rawalpindi,2026-05-21,2026-05-01
#1253,2026-05-21 13:08:47+00:00,,11299.0,CUST-0228,Islamabad,False,Islamabad,2026-05-21,2026-05-01
#1254,2026-05-21 13:11:22+00:00,,11295.0,CUST-0229,Lahore,False,Lahore,2026-05-21,2026-05-01
#1255,2026-05-21 13:14:33+00:00,,11295.0,CUST-0230,Rawalpindi,False,Rawalpindi,2026-05-21,2026-05-01
#1256,2026-05-21 18:47:14+00:00,,3650.0,CUST-0231,Karachi,False,Karachi,2026-05-21,2026-05-01
#1257,2026-05-22 21:21:35+00:00,,3145.0,CUST-0232,Lahore,False,Lahore,2026-05-22,2026-05-01
#1258,2026-05-22 21:49:49+00:00,,3140.0,CUST-0233,Lahore,False,Lahore,2026-05-22,2026-05-01
#1259,2026-05-22 22:21:39+00:00,,4650.0,CUST-0234,Lahore,False,Lahore,2026-05-22,2026-05-01
#1260,2026-05-22 23:09:14+00:00,,3145.0,CUST-0235,Multan,False,Multan,2026-05-22,2026-05-01
#1261,2026-05-23 06:07:46+00:00,,3145.0,CUST-0236,Lahore,False,Lahore,2026-05-23,2026-05-01
#1262,2026-05-23 06:08:36+00:00,,3145.0,CUST-0237,Karachi,False,Karachi,2026-05-23,2026-05-01
#1263,2026-05-23 06:38:01+00:00,,3950.0,CUST-0238,Lahore,False,Lahore,2026-05-23,2026-05-01
#1264,2026-05-23 07:39:40+00:00,,3140.0,CUST-0239,Islamabad,False,Islamabad,2026-05-23,2026-05-01
#1265,2026-05-23 09:05:02+00:00,,3950.0,CUST-0240,Lahore,False,Lahore,2026-05-23,2026-05-01
#1266,2026-05-23 09:06:14+00:00,,3950.0,CUST-0240,Lahore,False,Lahore,2026-05-23,2026-05-01
#1267,2026-05-23 10:27:26+00:00,,3145.0,CUST-0241,Karachi,False,Karachi,2026-05-23,2026-05-01
#1268,2026-05-23 12:26:03+00:00,,3950.0,CUST-0242,Karachi,False,Karachi,2026-05-23,2026-05-01
#1269,2026-05-23 15:34:10+00:00,,3145.0,CUST-0243,Lahore,False,Lahore,2026-05-23,2026-05-01
#1270,2026-05-23 16:07:33+00:00,,3950.0,CUST-0244,Karachi,False,Karachi,2026-05-23,2026-05-01
#1271,2026-05-23 20:09:16+00:00,,4650.0,CUST-0245,Gujranwala,False,Gujranwala,2026-05-23,2026-05-01
#1272,2026-05-23 20:46:28+00:00,,4650.0,CUST-0246,Karachi,False,Karachi,2026-05-23,2026-05-01
#1273,2026-05-23 21:08:30+00:00,,3145.0,CUST-0116,Lahore,False,Lahore,2026-05-23,2026-05-01
#1274,2026-05-23 21:19:18+00:00,,3650.0,CUST-0247,Karachi,False,Karachi,2026-05-23,2026-05-01
#1275,2026-05-23 21:50:43+00:00,2026-05-23T21:59:42Z,4500.0,CUST-0248,Sukkur,True,Other,2026-05-23,2026-05-01
#1276,2026-05-23 21:50:51+00:00,,3650.0,CUST-0249,Lahore,False,Lahore,2026-05-23,2026-05-01
#1277,2026-05-23 21:54:35+00:00,2026-05-24T16:52:40Z,4500.0,CUST-0248,Sukkur,True,Other,2026-05-23,2026-05-01
#1278,2026-05-23 23:00:34+00:00,2026-05-29T13:32:45Z,4500.0,CUST-0250,Lahore,True,Lahore,2026-05-23,2026-05-01
#1279,2026-05-24 11:05:16+00:00,2026-05-24T16:52:29Z,3950.0,CUST-0238,Lahore,True,Lahore,2026-05-24,2026-05-01
#1280,2026-05-24 11:11:11+00:00,,3950.0,CUST-0238,Lahore,False,Lahore,2026-05-24,2026-05-01
#1281,2026-05-24 11:44:50+00:00,,4200.0,CUST-0251,Rawalpindi,False,Rawalpindi,2026-05-24,2026-05-01
#1282,2026-05-24 16:48:28+00:00,,3650.0,CUST-0252,Okara,False,Other,2026-05-24,2026-05-01
#1283,2026-05-24 17:20:24+00:00,,4775.0,CUST-0190,Rahim Yar Khan,False,Other,2026-05-24,2026-05-01
#1284,2026-05-24 19:17:38+00:00,,3300.0,CUST-0253,Islamabad,False,Islamabad,2026-05-24,2026-05-01
#1285,2026-05-24 21:15:18+00:00,,3649.0,CUST-0254,Karachi,False,Karachi,2026-05-24,2026-05-01
#1286,2026-05-25 09:32:03+00:00,,3145.0,CUST-0255,Rawalpindi,False,Rawalpindi,2026-05-25,2026-05-01
#1287,2026-05-25 10:33:16+00:00,,3145.0,CUST-0256,Lahore,False,Lahore,2026-05-25,2026-05-01
#1288,2026-05-25 12:45:41+00:00,,3950.0,CUST-0257,Gujranwala,False,Gujranwala,2026-05-25,2026-05-01
#1289,2026-05-25 14:54:29+00:00,,7300.0,CUST-0258,Islamabad,False,Islamabad,2026-05-25,2026-05-01
#1290,2026-05-25 17:27:12+00:00,,8624.12,CUST-0259,Islamabad,False,Islamabad,2026-05-25,2026-05-01
#1291,2026-05-25 21:24:40+00:00,,3145.0,CUST-0260,Lahore,False,Lahore,2026-05-25,2026-05-01
#1292,2026-05-26 00:47:46+00:00,,3650.0,CUST-0261,Lahore,False,Lahore,2026-05-26,2026-05-01
#1293,2026-05-26 18:01:30+00:00,,3145.0,CUST-0262,Karachi,False,Karachi,2026-05-26,2026-05-01
#1294,2026-05-27 17:47:03+00:00,,3145.0,CUST-0263,Karachi,False,Karachi,2026-05-27,2026-05-01
#1295,2026-05-27 19:01:12+00:00,,3145.0,CUST-0205,Karachi,False,Karachi,2026-05-27,2026-05-01
#1296,2026-05-28 07:48:27+00:00,,3950.0,CUST-0006,Karachi,False,Karachi,2026-05-28,2026-05-01
#1297,2026-05-28 11:45:45+00:00,,3950.0,CUST-0264,Lahore,False,Lahore,2026-05-28,2026-05-01
#1298,2026-05-28 16:58:35+00:00,,2500.0,CUST-0265,Lahore,False,Lahore,2026-05-28,2026-05-01
#1299,2026-05-29 14:46:47+00:00,,4425.0,CUST-0266,Mardan,False,Other,2026-05-29,2026-05-01
#1300,2026-05-30 07:31:00+00:00,,6494.0,CUST-0267,Karachi,False,Karachi,2026-05-30,2026-05-01
#1301,2026-05-30 11:38:38+00:00,,4200.0,CUST-0268,Lahore,False,Lahore,2026-05-30,2026-05-01
#1302,2026-05-30 12:19:44+00:00,,3145.0,CUST-0235,Multan,False,Multan,2026-05-30,2026-05-01
#1303,2026-05-30 12:27:34+00:00,,7850.0,CUST-0269,Lahore,False,Lahore,2026-05-30,2026-05-01
#1304,2026-05-30 12:32:17+00:00,,2789.12,CUST-0270,Mansehra,False,Other,2026-05-30,2026-05-01
#1305,2026-05-30 14:05:19+00:00,,7850.0,CUST-0271,Karachi,False,Karachi,2026-05-30,2026-05-01
#1306,2026-05-31 02:02:18+00:00,,3145.0,CUST-0272,Sargodha,False,Other,2026-05-31,2026-05-01
#1307,2026-05-31 05:40:42+00:00,,3650.0,CUST-0273,Karachi,False,Karachi,2026-05-31,2026-05-01
#1308,2026-05-31 07:42:59+00:00,,3950.0,CUST-0274,Karachi,False,Karachi,2026-05-31,2026-05-01
#1309,2026-05-31 11:49:07+00:00,,3950.0,CUST-0275,Sahiwal,False,Other,2026-05-31,2026-05-01
#1310,2026-05-31 12:28:43+00:00,,3140.0,CUST-0276,Lahore,False,Lahore,2026-05-31,2026-05-01
#1311,2026-05-31 12:54:37+00:00,,6495.0,CUST-0277,Lahore,False,Lahore,2026-05-31,2026-05-01
#1312,2026-05-31 20:18:33+00:00,2026-06-01T03:52:12Z,3145.0,CUST-0278,Okara,True,Other,2026-05-31,2026-05-01
#1313,2026-06-01 02:04:33+00:00,,3145.0,CUST-0265,Lahore,False,Lahore,2026-06-01,2026-06-01
#1314,2026-06-01 05:05:21+00:00,,10995.0,CUST-0279,Karachi,False,Karachi,2026-06-01,2026-06-01
#1315,2026-06-01 05:09:38+00:00,,9794.0,CUST-0280,Lahore,False,Lahore,2026-06-01,2026-06-01
#1316,2026-06-01 05:17:44+00:00,,12144.0,CUST-0281,Karachi,False,Karachi,2026-06-01,2026-06-01
#1317,2026-06-01 10:41:54+00:00,,3649.0,CUST-0282,Bahawalpur,False,Other,2026-06-01,2026-06-01
#1318,2026-06-01 11:42:35+00:00,,3950.0,CUST-0283,Islamabad,False,Islamabad,2026-06-01,2026-06-01
#1319,2026-06-01 11:46:27+00:00,,3145.0,CUST-0065,Lahore,False,Lahore,2026-06-01,2026-06-01
#1320,2026-06-01 11:53:33+00:00,,3649.0,CUST-0284,Lahore,False,Lahore,2026-06-01,2026-06-01
#1321,2026-06-01 12:47:50+00:00,,2789.12,CUST-0285,Karachi,False,Karachi,2026-06-01,2026-06-01
#1322,2026-06-01 13:53:14+00:00,,7299.0,CUST-0286,Lahore,False,Lahore,2026-06-01,2026-06-01
#1323,2026-06-01 15:20:12+00:00,,3650.0,CUST-0287,Rawalpindi,False,Rawalpindi,2026-06-01,2026-06-01
#1324,2026-06-01 16:30:10+00:00,,3145.0,CUST-0288,Faisalabad,False,Faisalabad,2026-06-01,2026-06-01
#1325,2026-06-01 17:59:57+00:00,,3950.0,CUST-0289,Karachi,False,Karachi,2026-06-01,2026-06-01
#1326,2026-06-01 18:32:40+00:00,,2799.12,CUST-0290,Karachi,False,Karachi,2026-06-01,2026-06-01
#1327,2026-06-01 20:29:55+00:00,,3145.0,CUST-0291,Karachi,False,Karachi,2026-06-01,2026-06-01
#1328,2026-06-01 21:36:59+00:00,,3145.0,CUST-0292,Lahore,False,Lahore,2026-06-01,2026-06-01
#1329,2026-06-01 22:59:57+00:00,,3650.0,CUST-0293,Multan,False,Multan,2026-06-01,2026-06-01
#1330,2026-06-02 03:19:58+00:00,,3649.0,CUST-0294,Lahore,False,Lahore,2026-06-02,2026-06-01
#1331,2026-06-02 14:44:32+00:00,,2845.5,CUST-0050,Muzaffargarh,False,Other,2026-06-02,2026-06-01
#1332,2026-06-02 14:53:54+00:00,,3145.0,CUST-0295,Rawalpindi,False,Rawalpindi,2026-06-02,2026-06-01
#1333,2026-06-02 17:54:42+00:00,,2789.12,CUST-0296,Sargodha,False,Other,2026-06-02,2026-06-01
#1334,2026-06-02 23:05:26+00:00,,3650.0,CUST-0297,Islamabad,False,Islamabad,2026-06-02,2026-06-01
#1335,2026-06-03 01:34:16+00:00,,3950.0,CUST-0298,Karachi,False,Karachi,2026-06-03,2026-06-01
#1336,2026-06-03 03:28:07+00:00,,3950.0,CUST-0299,Lahore,False,Lahore,2026-06-03,2026-06-01
#1337,2026-06-03 08:49:35+00:00,,3950.0,CUST-0300,Gujrat,False,Other,2026-06-03,2026-06-01
#1338,2026-06-03 10:01:07+00:00,,8924.15,CUST-0301,Lahore,False,Lahore,2026-06-03,2026-06-01
#1339,2026-06-03 12:21:22+00:00,,3145.0,CUST-0260,Lahore,False,Lahore,2026-06-03,2026-06-01
#1340,2026-06-03 15:28:41+00:00,,3950.0,CUST-0302,Lahore,False,Lahore,2026-06-03,2026-06-01
#1341,2026-06-03 16:18:06+00:00,,3650.0,CUST-0261,Lahore,False,Lahore,2026-06-03,2026-06-01
#1342,2026-06-03 16:41:02+00:00,,4425.0,CUST-0303,Karachi,False,Karachi,2026-06-03,2026-06-01
#1343,2026-06-03 16:44:55+00:00,,4425.0,CUST-0266,Mardan,False,Other,2026-06-03,2026-06-01
#1344,2026-06-03 21:44:42+00:00,,2350.0,CUST-0304,Islamabad,False,Islamabad,2026-06-03,2026-06-01
#1345,2026-06-04 02:49:01+00:00,,3649.0,CUST-0305,Lahore,False,Lahore,2026-06-04,2026-06-01
#1346,2026-06-04 04:11:14+00:00,,7299.0,CUST-0306,Lahore,False,Lahore,2026-06-04,2026-06-01
#1347,2026-06-04 07:26:46+00:00,,4500.0,CUST-0307,Karachi,False,Karachi,2026-06-04,2026-06-01
#1348,2026-06-04 07:39:08+00:00,,5994.0,CUST-0308,Lahore,False,Lahore,2026-06-04,2026-06-01
#1349,2026-06-04 07:46:55+00:00,,11995.0,CUST-0309,Lahore,False,Lahore,2026-06-04,2026-06-01
#1350,2026-06-04 12:30:34+00:00,,3650.0,CUST-0310,Lahore,False,Lahore,2026-06-04,2026-06-01
#1351,2026-06-04 13:30:22+00:00,2026-06-04T13:46:55Z,4200.0,CUST-0311,Karachi,True,Karachi,2026-06-04,2026-06-01
#1352,2026-06-04 13:34:52+00:00,2026-06-04T14:07:32Z,3997.5,CUST-0311,Karachi,True,Karachi,2026-06-04,2026-06-01
#1353,2026-06-04 14:06:15+00:00,2026-06-04T14:11:34Z,3145.0,CUST-0312,Karachi,True,Karachi,2026-06-04,2026-06-01
#1354,2026-06-04 14:09:07+00:00,,5345.0,CUST-0312,Karachi,False,Karachi,2026-06-04,2026-06-01
#1355,2026-06-04 14:48:34+00:00,,3950.0,CUST-0313,Karachi,False,Karachi,2026-06-04,2026-06-01
#1356,2026-06-04 15:06:15+00:00,,3950.0,CUST-0314,Rawalpindi,False,Rawalpindi,2026-06-04,2026-06-01
#1357,2026-06-04 17:38:13+00:00,,8075.0,CUST-0315,Mirpur (AJK),False,Other,2026-06-04,2026-06-01
#1358,2026-06-04 17:42:03+00:00,,3145.0,CUST-0316,Karachi,False,Karachi,2026-06-04,2026-06-01
#1359,2026-06-04 18:12:10+00:00,,3650.0,CUST-0317,Hyderabad,False,Hyderabad,2026-06-04,2026-06-01
#1360,2026-06-04 20:13:32+00:00,,6795.0,CUST-0318,Karachi,False,Karachi,2026-06-04,2026-06-01
#1361,2026-06-05 04:08:47+00:00,,5634.12,CUST-0319,Lahore,False,Lahore,2026-06-05,2026-06-01
#1362,2026-06-05 07:09:24+00:00,,3950.0,CUST-0320,Karachi,False,Karachi,2026-06-05,2026-06-01
#1363,2026-06-05 10:14:10+00:00,,6860.0,CUST-0321,Gujranwala,False,Gujranwala,2026-06-05,2026-06-01
#1364,2026-06-05 13:35:16+00:00,,3650.0,CUST-0322,Lahore,False,Lahore,2026-06-05,2026-06-01
#1365,2026-06-05 14:42:35+00:00,,2350.0,CUST-0297,Islamabad,False,Islamabad,2026-06-05,2026-06-01
#1366,2026-06-05 16:20:37+00:00,,3145.0,CUST-0323,Karachi,False,Karachi,2026-06-05,2026-06-01
#1367,2026-06-05 16:46:35+00:00,2026-06-05T20:01:34Z,3145.0,CUST-0324,Sahiwal,True,Other,2026-06-05,2026-06-01
#1368,2026-06-05 16:49:02+00:00,,6645.0,CUST-0324,Sahiwal,False,Other,2026-06-05,2026-06-01
#1369,2026-06-05 18:28:50+00:00,,4200.0,CUST-0162,Islamabad,False,Islamabad,2026-06-05,2026-06-01
#1370,2026-06-06 06:06:21+00:00,,4200.0,CUST-0268,Lahore,False,Lahore,2026-06-06,2026-06-01
#1371,2026-06-06 09:22:42+00:00,,3950.0,CUST-0325,Lahore,False,Lahore,2026-06-06,2026-06-01
#1372,2026-06-06 10:43:43+00:00,,6138.12,CUST-0326,Faisalabad,False,Faisalabad,2026-06-06,2026-06-01
#1373,2026-06-06 10:54:54+00:00,,3950.0,CUST-0327,Multan,False,Multan,2026-06-06,2026-06-01
#1374,2026-06-06 13:23:35+00:00,,3950.0,CUST-0328,Lahore,False,Lahore,2026-06-06,2026-06-01
#1375,2026-06-06 13:38:33+00:00,,3140.0,CUST-0267,Karachi,False,Karachi,2026-06-06,2026-06-01
#1376,2026-06-06 15:54:08+00:00,,3650.0,CUST-0329,Lahore,False,Lahore,2026-06-06,2026-06-01
#1377,2026-06-06 17:22:19+00:00,,3140.0,CUST-0330,Islamabad,False,Islamabad,2026-06-06,2026-06-01
#1378,2026-06-06 18:13:11+00:00,,3650.0,CUST-0331,Thatta,False,Other,2026-06-06,2026-06-01
#1379,2026-06-06 19:26:02+00:00,,3649.0,CUST-0332,Faisalabad,False,Faisalabad,2026-06-06,2026-06-01
#1380,2026-06-06 19:39:35+00:00,,3650.0,CUST-0189,Karachi,False,Karachi,2026-06-06,2026-06-01
#1381,2026-06-06 23:39:40+00:00,,3145.0,CUST-0021,Lahore,False,Lahore,2026-06-06,2026-06-01
#1382,2026-06-06 23:53:46+00:00,2026-06-08T05:10:19Z,3145.0,CUST-0333,Lahore,True,Lahore,2026-06-06,2026-06-01
#1383,2026-06-07 08:16:02+00:00,,8629.12,CUST-0334,Islamabad,False,Islamabad,2026-06-07,2026-06-01
#1384,2026-06-07 08:18:33+00:00,,5634.12,CUST-0335,Nawabshah,False,Other,2026-06-07,2026-06-01
#1385,2026-06-07 08:47:26+00:00,,4200.0,CUST-0336,Multan,False,Multan,2026-06-07,2026-06-01
#1386,2026-06-07 10:17:59+00:00,,2999.0,CUST-0309,Lahore,False,Lahore,2026-06-07,2026-06-01
#1387,2026-06-07 11:07:12+00:00,,9434.12,CUST-0337,Karachi,False,Karachi,2026-06-07,2026-06-01
#1388,2026-06-07 11:30:22+00:00,,6439.12,CUST-0338,Gujranwala,False,Gujranwala,2026-06-07,2026-06-01
#1389,2026-06-07 12:24:54+00:00,,3145.0,CUST-0339,Karachi,False,Karachi,2026-06-07,2026-06-01
#1390,2026-06-07 14:53:25+00:00,,3145.0,CUST-0340,Mianwali,False,Other,2026-06-07,2026-06-01
#1391,2026-06-07 16:19:12+00:00,,6795.0,CUST-0341,Rawalpindi,False,Rawalpindi,2026-06-07,2026-06-01
#1392,2026-06-08 06:00:00+00:00,,3649.0,CUST-0342,Islamabad,False,Islamabad,2026-06-08,2026-06-01
#1393,2026-06-08 07:55:31+00:00,,6859.02,CUST-0343,Tandojam,False,Other,2026-06-08,2026-06-01
#1394,2026-06-08 08:13:56+00:00,,4425.0,CUST-0344,Lahore,False,Lahore,2026-06-08,2026-06-01
#1395,2026-06-08 08:56:16+00:00,,4425.0,CUST-0345,Raiwind,False,Other,2026-06-08,2026-06-01
#1396,2026-06-08 14:15:00+00:00,,3950.0,CUST-0346,Lahore,False,Lahore,2026-06-08,2026-06-01
#1397,2026-06-08 16:41:00+00:00,,2789.12,CUST-0347,Karachi,False,Karachi,2026-06-08,2026-06-01
#1398,2026-06-08 16:54:04+00:00,,5634.12,CUST-0348,Lahore,False,Lahore,2026-06-08,2026-06-01
#1399,2026-06-08 17:14:16+00:00,,5634.12,CUST-0349,Lahore,False,Lahore,2026-06-08,2026-06-01
#1400,2026-06-08 18:26:44+00:00,,2789.12,CUST-0350,Bahawalpur,False,Other,2026-06-08,2026-06-01
#1401,2026-06-08 19:50:00+00:00,,2789.12,CUST-0327,Multan,False,Multan,2026-06-08,2026-06-01
#1402,2026-06-08 20:23:43+00:00,,3650.0,CUST-0351,Hafizabad,False,Other,2026-06-08,2026-06-01
#1403,2026-06-09 06:59:09+00:00,,3145.0,CUST-0352,Muzaffargarh,False,Other,2026-06-09,2026-06-01
#1404,2026-06-09 08:34:29+00:00,,3145.0,CUST-0353,Lahore,False,Lahore,2026-06-09,2026-06-01
#1405,2026-06-09 08:43:57+00:00,,3145.0,CUST-0354,Lahore,False,Lahore,2026-06-09,2026-06-01
#1406,2026-06-09 13:19:15+00:00,,3145.0,CUST-0355,Lahore,False,Lahore,2026-06-09,2026-06-01
#1407,2026-06-09 17:03:13+00:00,,3145.0,CUST-0356,Karachi,False,Karachi,2026-06-09,2026-06-01
#1408,2026-06-09 17:22:48+00:00,,3649.0,CUST-0357,Karachi,False,Karachi,2026-06-09,2026-06-01
#1409,2026-06-09 18:25:42+00:00,,9785.0,CUST-0358,Islamabad,False,Islamabad,2026-06-09,2026-06-01
#1410,2026-06-09 21:11:09+00:00,,3950.0,CUST-0359,Islamabad,False,Islamabad,2026-06-09,2026-06-01
#1411,2026-06-09 22:19:49+00:00,,5850.0,CUST-0360,Lahore,False,Lahore,2026-06-09,2026-06-01
#1412,2026-06-10 02:08:21+00:00,,4275.0,CUST-0361,Islamabad,False,Islamabad,2026-06-10,2026-06-01
#1413,2026-06-10 06:01:25+00:00,,3950.0,CUST-0362,Islamabad,False,Islamabad,2026-06-10,2026-06-01
#1414,2026-06-10 08:10:44+00:00,,8075.0,CUST-0363,Lahore,False,Lahore,2026-06-10,2026-06-01
#1415,2026-06-10 08:31:39+00:00,,9434.12,CUST-0364,Islamabad,False,Islamabad,2026-06-10,2026-06-01
#1416,2026-06-10 09:54:50+00:00,,7850.0,CUST-0365,Karachi,False,Karachi,2026-06-10,2026-06-01
#1417,2026-06-10 12:18:44+00:00,,3950.0,CUST-0327,Multan,False,Multan,2026-06-10,2026-06-01
#1418,2026-06-10 15:47:56+00:00,,3145.0,CUST-0366,Lahore,False,Lahore,2026-06-10,2026-06-01
#1419,2026-06-10 16:12:26+00:00,,3650.0,CUST-0367,Islamabad,False,Islamabad,2026-06-10,2026-06-01
#1420,2026-06-10 16:28:51+00:00,,3145.0,CUST-0368,Lahore,False,Lahore,2026-06-10,2026-06-01
#1421,2026-06-10 18:35:17+00:00,,3145.0,CUST-0369,Karachi,False,Karachi,2026-06-10,2026-06-01
#1422,2026-06-10 20:33:37+00:00,,3650.0,CUST-0370,Gujranwala,False,Gujranwala,2026-06-10,2026-06-01
#1423,2026-06-10 20:52:27+00:00,,4275.0,CUST-0371,Karachi,False,Karachi,2026-06-10,2026-06-01
#1424,2026-06-10 23:37:19+00:00,,3950.0,CUST-0240,Lahore,False,Lahore,2026-06-10,2026-06-01
#1425,2026-06-11 02:16:28+00:00,,3649.0,CUST-0372,Karachi,False,Karachi,2026-06-11,2026-06-01
#1426,2026-06-11 13:33:36+00:00,2026-06-15T10:49:06Z,4200.0,CUST-0373,Other (Punjab),True,Other,2026-06-11,2026-06-01
#1427,2026-06-11 13:34:44+00:00,,9989.0,CUST-0374,Narowal,False,Other,2026-06-11,2026-06-01
#1428,2026-06-11 14:01:29+00:00,,2789.12,CUST-0375,Karachi,False,Karachi,2026-06-11,2026-06-01
#1429,2026-06-11 17:15:10+00:00,,4400.0,CUST-0376,Karachi,False,Karachi,2026-06-11,2026-06-01
#1430,2026-06-11 17:50:34+00:00,,11550.0,CUST-0377,Naudero,False,Other,2026-06-11,2026-06-01
#1431,2026-06-11 18:45:28+00:00,,4050.0,CUST-0378,Multan,False,Multan,2026-06-11,2026-06-01
#1432,2026-06-11 19:06:19+00:00,,3145.0,CUST-0379,Hyderabad,False,Hyderabad,2026-06-11,2026-06-01
#1433,2026-06-11 21:52:42+00:00,,6439.12,CUST-0380,Islamabad,False,Islamabad,2026-06-11,2026-06-01
#1434,2026-06-12 06:38:10+00:00,,4050.0,CUST-0381,Islamabad,False,Islamabad,2026-06-12,2026-06-01
#1435,2026-06-12 07:03:28+00:00,,3950.0,CUST-0382,Islamabad,False,Islamabad,2026-06-12,2026-06-01
#1436,2026-06-12 07:06:08+00:00,,4200.0,CUST-0383,Lahore,False,Lahore,2026-06-12,2026-06-01
#1437,2026-06-12 10:09:00+00:00,,3650.0,CUST-0384,Karachi,False,Karachi,2026-06-12,2026-06-01
#1438,2026-06-12 11:17:01+00:00,2026-06-15T14:49:35Z,5634.12,CUST-0177,Gujranwala,True,Gujranwala,2026-06-12,2026-06-01
#1439,2026-06-12 12:12:19+00:00,,3950.0,CUST-0385,Karachi,False,Karachi,2026-06-12,2026-06-01
#1440,2026-06-12 15:36:41+00:00,,3650.0,CUST-0386,Lahore,False,Lahore,2026-06-12,2026-06-01
#1441,2026-06-12 18:54:20+00:00,,3145.0,CUST-0387,Sahiwal,False,Other,2026-06-12,2026-06-01
#1442,2026-06-12 21:42:46+00:00,,3950.0,CUST-0388,Karachi,False,Karachi,2026-06-12,2026-06-01
#1443,2026-06-12 22:58:09+00:00,,2350.0,CUST-0389,Bahawalpur,False,Other,2026-06-12,2026-06-01
#1444,2026-06-13 02:56:52+00:00,,3145.0,CUST-0390,Lahore,False,Lahore,2026-06-13,2026-06-01
#1445,2026-06-13 09:01:18+00:00,,3145.0,CUST-0391,Lahore,False,Lahore,2026-06-13,2026-06-01
#1446,2026-06-13 12:51:02+00:00,,3650.0,CUST-0392,Abbottabad,False,Other,2026-06-13,2026-06-01
#1447,2026-06-13 13:12:32+00:00,,3145.0,CUST-0393,Lahore,False,Lahore,2026-06-13,2026-06-01
#1448,2026-06-13 15:47:18+00:00,,3145.0,CUST-0394,Islamabad,False,Islamabad,2026-06-13,2026-06-01
#1449,2026-06-13 16:26:00+00:00,,3950.0,CUST-0395,Karachi,False,Karachi,2026-06-13,2026-06-01
#1450,2026-06-13 16:43:59+00:00,,3650.0,CUST-0396,Lahore,False,Lahore,2026-06-13,2026-06-01
#1451,2026-06-13 16:53:16+00:00,,3140.0,CUST-0397,Rawalpindi,False,Rawalpindi,2026-06-13,2026-06-01
#1452,2026-06-13 18:57:10+00:00,,3145.0,CUST-0398,Sujawal,False,Other,2026-06-13,2026-06-01
#1453,2026-06-13 20:28:30+00:00,,3650.0,CUST-0260,Lahore,False,Lahore,2026-06-13,2026-06-01
#1454,2026-06-13 20:52:17+00:00,,3950.0,CUST-0399,Gujranwala,False,Gujranwala,2026-06-13,2026-06-01
#1455,2026-06-14 00:51:25+00:00,,3650.0,CUST-0125,Karachi,False,Karachi,2026-06-14,2026-06-01
#1456,2026-06-14 04:52:09+00:00,,3650.0,CUST-0400,Jand,False,Other,2026-06-14,2026-06-01
#1457,2026-06-14 07:39:37+00:00,,14793.0,CUST-0401,Karachi,False,Karachi,2026-06-14,2026-06-01
#1458,2026-06-14 13:32:36+00:00,,3145.0,CUST-0402,Lahore,False,Lahore,2026-06-14,2026-06-01
#1459,2026-06-14 13:48:26+00:00,,3650.0,CUST-0351,Hafizabad,False,Other,2026-06-14,2026-06-01
#1460,2026-06-14 15:57:35+00:00,,3145.0,CUST-0094,Islamabad,False,Islamabad,2026-06-14,2026-06-01
#1461,2026-06-14 17:24:19+00:00,,3650.0,CUST-0403,Faisalabad,False,Faisalabad,2026-06-14,2026-06-01
#1462,2026-06-14 18:34:57+00:00,,3145.0,CUST-0404,Karachi,False,Karachi,2026-06-14,2026-06-01
#1463,2026-06-14 18:51:10+00:00,,6000.0,CUST-0405,Karachi,False,Karachi,2026-06-14,2026-06-01
#1464,2026-06-14 20:30:26+00:00,,3950.0,CUST-0240,Lahore,False,Lahore,2026-06-14,2026-06-01
#1465,2026-06-15 08:00:30+00:00,,3649.0,CUST-0406,Islamabad,False,Islamabad,2026-06-15,2026-06-01
#1466,2026-06-15 08:26:36+00:00,,3650.0,CUST-0407,Islamabad,False,Islamabad,2026-06-15,2026-06-01
#1467,2026-06-15 10:52:25+00:00,,3145.0,CUST-0408,Islamabad,False,Islamabad,2026-06-15,2026-06-01
#1468,2026-06-15 11:09:09+00:00,,3949.05,CUST-0409,Karachi,False,Karachi,2026-06-15,2026-06-01
#1469,2026-06-15 11:29:47+00:00,,3949.05,CUST-0410,Karachi,False,Karachi,2026-06-15,2026-06-01
#1470,2026-06-15 11:52:41+00:00,,11299.0,CUST-0225,Lahore,False,Lahore,2026-06-15,2026-06-01
#1471,2026-06-15 14:10:56+00:00,,3649.0,CUST-0411,Hyderabad,False,Hyderabad,2026-06-15,2026-06-01
#1472,2026-06-15 16:25:27+00:00,,3650.0,CUST-0412,Islamabad,False,Islamabad,2026-06-15,2026-06-01
#1473,2026-06-15 18:50:23+00:00,,3950.0,CUST-0413,Karachi,False,Karachi,2026-06-15,2026-06-01
#1474,2026-06-15 19:04:45+00:00,,3950.0,CUST-0414,Mananwala,False,Other,2026-06-15,2026-06-01
#1475,2026-06-15 19:19:27+00:00,,3650.0,CUST-0415,Lahore,False,Lahore,2026-06-15,2026-06-01
#1476,2026-06-15 20:42:24+00:00,,2789.12,CUST-0416,Lahore,False,Lahore,2026-06-15,2026-06-01
#1477,2026-06-15 23:44:50+00:00,,3950.0,CUST-0417,Lahore,False,Lahore,2026-06-15,2026-06-01
#1478,2026-06-16 08:20:37+00:00,,5634.12,CUST-0418,Islamabad,False,Islamabad,2026-06-16,2026-06-01
#1479,2026-06-16 11:34:42+00:00,,3950.0,CUST-0419,Karachi,False,Karachi,2026-06-16,2026-06-01
#1480,2026-06-16 14:49:03+00:00,,2789.12,CUST-0420,Hyderabad,False,Hyderabad,2026-06-16,2026-06-01
#1481,2026-06-16 15:10:16+00:00,,3150.0,CUST-0421,Gojra,False,Other,2026-06-16,2026-06-01
#1482,2026-06-16 15:11:43+00:00,,6999.0,CUST-0422,Lahore,False,Lahore,2026-06-16,2026-06-01
#1483,2026-06-16 16:59:34+00:00,,1650.0,CUST-0423,Karachi,False,Karachi,2026-06-16,2026-06-01
#1484,2026-06-16 17:12:48+00:00,2026-06-17T09:43:38Z,13229.12,CUST-0424,Lahore,True,Lahore,2026-06-16,2026-06-01
#1485,2026-06-16 17:18:41+00:00,,12424.12,CUST-0424,Lahore,False,Lahore,2026-06-16,2026-06-01
#1486,2026-06-16 17:38:46+00:00,,3145.0,CUST-0425,Rawalpindi,False,Rawalpindi,2026-06-16,2026-06-01
#1487,2026-06-16 19:03:20+00:00,,3649.0,CUST-0426,Rawalpindi,False,Rawalpindi,2026-06-16,2026-06-01
#1488,2026-06-16 19:39:26+00:00,,3145.0,CUST-0427,Karachi,False,Karachi,2026-06-16,2026-06-01
#1489,2026-06-16 19:41:19+00:00,,3650.0,CUST-0428,Gujranwala,False,Gujranwala,2026-06-16,2026-06-01
#1490,2026-06-16 20:44:41+00:00,,3950.0,CUST-0429,Karachi,False,Karachi,2026-06-16,2026-06-01
#1491,2026-06-16 21:39:15+00:00,,5634.12,CUST-0430,Larkana,False,Other,2026-06-16,2026-06-01
#1492,2026-06-16 22:19:03+00:00,,3145.0,CUST-0431,Islamabad,False,Islamabad,2026-06-16,2026-06-01
#1493,2026-06-17 04:49:41+00:00,,3650.0,CUST-0432,Lahore,False,Lahore,2026-06-17,2026-06-01
#1494,2026-06-17 05:08:51+00:00,,5400.0,CUST-0433,Nowshera,False,Other,2026-06-17,2026-06-01
#1495,2026-06-17 08:33:29+00:00,,3145.0,CUST-0278,Okara,False,Other,2026-06-17,2026-06-01
#1496,2026-06-17 09:40:00+00:00,,3650.0,CUST-0434,Lahore,False,Lahore,2026-06-17,2026-06-01
#1497,2026-06-17 11:54:27+00:00,,3145.0,CUST-0435,Wah Cantt,False,Other,2026-06-17,2026-06-01
#1498,2026-06-17 13:42:52+00:00,,3950.0,CUST-0436,Lahore,False,Lahore,2026-06-17,2026-06-01
#1499,2026-06-17 14:12:21+00:00,,7299.0,CUST-0437,Sargodha,False,Other,2026-06-17,2026-06-01
#1500,2026-06-17 15:47:37+00:00,,3650.0,CUST-0438,Islamabad,False,Islamabad,2026-06-17,2026-06-01
#1501,2026-06-17 21:06:03+00:00,,1650.0,CUST-0439,Dera Ghazi Khan,False,Other,2026-06-17,2026-06-01
#1502,2026-06-18 05:52:23+00:00,,6439.12,CUST-0440,Islamabad,False,Islamabad,2026-06-18,2026-06-01
#1503,2026-06-18 06:42:26+00:00,,1650.0,CUST-0441,Lahore,False,Lahore,2026-06-18,2026-06-01
#1504,2026-06-18 08:09:00+00:00,,3145.0,CUST-0442,Faisalabad,False,Faisalabad,2026-06-18,2026-06-01
#1505,2026-06-18 11:49:19+00:00,,1650.0,CUST-0443,Nowshera,False,Other,2026-06-18,2026-06-01
#1506,2026-06-18 12:05:14+00:00,,3949.05,CUST-0444,Karachi,False,Karachi,2026-06-18,2026-06-01
#1507,2026-06-18 14:14:56+00:00,,3950.0,CUST-0445,Multan,False,Multan,2026-06-18,2026-06-01
#1508,2026-06-18 14:44:28+00:00,,9499.12,CUST-0446,Lahore,False,Lahore,2026-06-18,2026-06-01
#1509,2026-06-18 15:34:02+00:00,,3649.0,CUST-0447,Karachi,False,Karachi,2026-06-18,2026-06-01
#1510,2026-06-18 16:27:18+00:00,,5299.05,CUST-0448,Karachi,False,Karachi,2026-06-18,2026-06-01
#1511,2026-06-18 17:02:22+00:00,,2525.21,CUST-0449,Karachi,False,Karachi,2026-06-18,2026-06-01
#1512,2026-06-18 18:11:14+00:00,,3145.0,CUST-0450,Matli,False,Other,2026-06-18,2026-06-01
#1513,2026-06-18 18:41:20+00:00,,3100.0,CUST-0451,Karachi,False,Karachi,2026-06-18,2026-06-01
#1514,2026-06-18 19:50:43+00:00,,3145.0,CUST-0452,Karachi,False,Karachi,2026-06-18,2026-06-01
#1515,2026-06-18 19:55:33+00:00,,1600.0,CUST-0405,Karachi,False,Karachi,2026-06-18,2026-06-01
#1516,2026-06-18 20:36:32+00:00,,3649.0,CUST-0453,Hafizabad,False,Other,2026-06-18,2026-06-01
#1517,2026-06-18 23:05:10+00:00,,3649.0,CUST-0297,Islamabad,False,Islamabad,2026-06-18,2026-06-01
#1518,2026-06-19 08:01:25+00:00,,5985.0,CUST-0454,Karachi,False,Karachi,2026-06-19,2026-06-01
#1519,2026-06-19 11:29:19+00:00,,3949.05,CUST-0455,Sadiqabad,False,Other,2026-06-19,2026-06-01
#1520,2026-06-19 15:28:16+00:00,,3650.0,CUST-0456,Lahore,False,Lahore,2026-06-19,2026-06-01
#1521,2026-06-19 17:29:06+00:00,,3950.0,CUST-0457,Hyderabad,False,Hyderabad,2026-06-19,2026-06-01
#1522,2026-06-19 21:24:14+00:00,,3650.0,CUST-0458,Lahore,False,Lahore,2026-06-19,2026-06-01
#1523,2026-06-20 02:13:29+00:00,,3800.0,CUST-0101,Sialkot,False,Sialkot,2026-06-20,2026-06-01
#1524,2026-06-20 05:36:39+00:00,2026-06-20T10:05:44Z,3950.0,CUST-0459,Rawalpindi,True,Rawalpindi,2026-06-20,2026-06-01
#1525,2026-06-20 11:47:57+00:00,,3950.0,CUST-0199,Lahore,False,Lahore,2026-06-20,2026-06-01
#1526,2026-06-20 17:40:41+00:00,,3145.0,CUST-0460,Rawalpindi,False,Rawalpindi,2026-06-20,2026-06-01
#1527,2026-06-20 17:55:24+00:00,,3649.0,CUST-0446,Lahore,False,Lahore,2026-06-20,2026-06-01
#1528,2026-06-20 18:41:48+00:00,,1650.0,CUST-0461,Karachi,False,Karachi,2026-06-20,2026-06-01
#1529,2026-06-21 06:04:26+00:00,,3140.0,CUST-0462,Lahore,False,Lahore,2026-06-21,2026-06-01
#1530,2026-06-21 10:00:50+00:00,,3650.0,CUST-0463,Karachi,False,Karachi,2026-06-21,2026-06-01
#1531,2026-06-21 11:10:00+00:00,,3950.0,CUST-0464,Karachi,False,Karachi,2026-06-21,2026-06-01
#1532,2026-06-21 11:26:27+00:00,,3950.0,CUST-0465,Multan,False,Multan,2026-06-21,2026-06-01
#1533,2026-06-21 13:21:16+00:00,,3950.0,CUST-0072,Rawalpindi,False,Rawalpindi,2026-06-21,2026-06-01
#1534,2026-06-21 13:36:42+00:00,,3950.0,CUST-0093,Karachi,False,Karachi,2026-06-21,2026-06-01
#1535,2026-06-21 13:54:38+00:00,,3649.0,CUST-0396,Lahore,False,Lahore,2026-06-21,2026-06-01
#1536,2026-06-21 15:10:40+00:00,,10.0,CUST-0466,Karachi,False,Karachi,2026-06-21,2026-06-01
#1537,2026-06-21 17:06:57+00:00,,3749.1,CUST-0467,Karachi,False,Karachi,2026-06-21,2026-06-01
#1538,2026-06-21 17:52:37+00:00,,2789.12,CUST-0468,Lahore,False,Lahore,2026-06-21,2026-06-01
#1539,2026-06-21 17:58:37+00:00,,3950.0,CUST-0469,Lahore,False,Lahore,2026-06-21,2026-06-01
#1540,2026-06-21 17:59:09+00:00,,3649.0,CUST-0470,Chishtian,False,Other,2026-06-21,2026-06-01
#1541,2026-06-21 19:05:37+00:00,,4999.0,CUST-0471,Karachi,False,Karachi,2026-06-21,2026-06-01
#1542,2026-06-21 19:43:15+00:00,,3949.05,CUST-0472,Lahore,False,Lahore,2026-06-21,2026-06-01
#1543,2026-06-21 20:39:51+00:00,,3649.0,CUST-0473,Faisalabad,False,Faisalabad,2026-06-21,2026-06-01
#1544,2026-06-21 21:00:53+00:00,,3949.05,CUST-0474,Rawalpindi,False,Rawalpindi,2026-06-21,2026-06-01
#1545,2026-06-21 23:51:56+00:00,,3949.05,CUST-0475,Karachi,False,Karachi,2026-06-21,2026-06-01
#1546,2026-06-22 09:24:54+00:00,,3950.0,CUST-0476,Rawalpindi,False,Rawalpindi,2026-06-22,2026-06-01
#1547,2026-06-22 09:29:44+00:00,,3749.1,CUST-0477,Lahore,False,Lahore,2026-06-22,2026-06-01
#1548,2026-06-22 10:39:52+00:00,,3949.05,CUST-0478,Sialkot,False,Sialkot,2026-06-22,2026-06-01
#1549,2026-06-22 14:44:25+00:00,,3145.0,CUST-0479,Karachi,False,Karachi,2026-06-22,2026-06-01
#1550,2026-06-22 15:43:00+00:00,,6144.0,CUST-0480,Islamabad,False,Islamabad,2026-06-22,2026-06-01
#1551,2026-06-22 15:44:32+00:00,2026-06-23T14:51:30Z,2789.12,CUST-0480,Islamabad,True,Islamabad,2026-06-22,2026-06-01
#1552,2026-06-22 16:48:40+00:00,,4999.0,CUST-0481,Peshawar,False,Peshawar,2026-06-22,2026-06-01
#1553,2026-06-22 17:02:53+00:00,,3650.0,CUST-0482,Lahore,False,Lahore,2026-06-22,2026-06-01
#1554,2026-06-22 21:07:09+00:00,,3749.1,CUST-0483,Faisalabad,False,Faisalabad,2026-06-22,2026-06-01
#1555,2026-06-23 01:36:44+00:00,,6138.12,CUST-0484,Rawalpindi,False,Rawalpindi,2026-06-23,2026-06-01
#1556,2026-06-23 08:15:15+00:00,,1650.0,CUST-0485,Narowal,False,Other,2026-06-23,2026-06-01
#1557,2026-06-23 09:08:09+00:00,,3649.0,CUST-0486,Lahore,False,Lahore,2026-06-23,2026-06-01
#1558,2026-06-23 09:35:16+00:00,,3950.0,CUST-0487,Rawalpindi,False,Rawalpindi,2026-06-23,2026-06-01
#1559,2026-06-23 14:05:11+00:00,,3145.0,CUST-0072,Rawalpindi,False,Rawalpindi,2026-06-23,2026-06-01
#1560,2026-06-23 14:09:54+00:00,,3145.0,CUST-0488,Karachi,False,Karachi,2026-06-23,2026-06-01
#1561,2026-06-23 15:06:54+00:00,,225.0,CUST-0489,Rawalpindi,False,Rawalpindi,2026-06-23,2026-06-01
#1562,2026-06-23 15:17:29+00:00,,5300.0,CUST-0490,Karachi,False,Karachi,2026-06-23,2026-06-01
#1563,2026-06-23 15:57:03+00:00,,3649.0,CUST-0491,Bahawalpur,False,Other,2026-06-23,2026-06-01
#1564,2026-06-23 15:58:14+00:00,,3950.0,CUST-0492,Lahore,False,Lahore,2026-06-23,2026-06-01
#1565,2026-06-23 16:43:10+00:00,,9261.0,CUST-0493,Karachi,False,Karachi,2026-06-23,2026-06-01
#1566,2026-06-23 17:08:40+00:00,,9434.12,CUST-0494,Lahore,False,Lahore,2026-06-23,2026-06-01
#1567,2026-06-23 17:45:38+00:00,,3200.0,CUST-0495,Islamabad,False,Islamabad,2026-06-23,2026-06-01
#1568,2026-06-23 18:16:04+00:00,,5985.0,CUST-0496,Islamabad,False,Islamabad,2026-06-23,2026-06-01
#1569,2026-06-23 18:30:17+00:00,,3950.0,CUST-0497,Karachi,False,Karachi,2026-06-23,2026-06-01
#1570,2026-06-23 20:02:46+00:00,,3949.05,CUST-0406,Islamabad,False,Islamabad,2026-06-23,2026-06-01
#1571,2026-06-24 02:20:56+00:00,,2789.12,CUST-0498,Sukkur,False,Other,2026-06-24,2026-06-01
#1572,2026-06-24 08:11:45+00:00,,3950.0,CUST-0499,Rawalpindi,False,Rawalpindi,2026-06-24,2026-06-01
#1573,2026-06-24 15:10:01+00:00,,1455.0,CUST-0472,Lahore,False,Lahore,2026-06-24,2026-06-01
#1574,2026-06-24 19:06:40+00:00,,3749.1,CUST-0500,Islamabad,False,Islamabad,2026-06-24,2026-06-01
#1575,2026-06-24 22:05:27+00:00,,3950.0,CUST-0501,Hyderabad,False,Hyderabad,2026-06-24,2026-06-01
#1576,2026-06-25 08:06:04+00:00,,3950.0,CUST-0003,Lahore,False,Lahore,2026-06-25,2026-06-01
#1577,2026-06-25 09:47:16+00:00,,3749.1,CUST-0502,Islamabad,False,Islamabad,2026-06-25,2026-06-01
#1578,2026-06-25 10:41:15+00:00,,3145.0,CUST-0503,Islamabad,False,Islamabad,2026-06-25,2026-06-01
#1579,2026-06-25 17:00:32+00:00,,3650.0,CUST-0504,Taxila,False,Other,2026-06-25,2026-06-01
#1580,2026-06-26 00:01:22+00:00,,3145.0,CUST-0355,Lahore,False,Lahore,2026-06-26,2026-06-01
#1581,2026-06-26 00:53:34+00:00,,3649.0,CUST-0505,Lahore,False,Lahore,2026-06-26,2026-06-01
#1582,2026-06-26 03:23:40+00:00,,5985.0,CUST-0506,Rahim Yar Khan,False,Other,2026-06-26,2026-06-01
#1583,2026-06-26 05:41:37+00:00,,3650.0,CUST-0507,Lahore,False,Lahore,2026-06-26,2026-06-01
#1584,2026-06-26 09:44:10+00:00,,3650.0,CUST-0458,Lahore,False,Lahore,2026-06-26,2026-06-01
#1585,2026-06-26 19:48:19+00:00,,3649.0,CUST-0508,Karachi,False,Karachi,2026-06-26,2026-06-01
#1586,2026-06-26 20:39:32+00:00,,4140.0,CUST-0509,Gujrat,False,Other,2026-06-26,2026-06-01
#1587,2026-06-26 21:46:33+00:00,,3950.0,CUST-0510,Lahore,False,Lahore,2026-06-26,2026-06-01
#1588,2026-06-27 00:40:46+00:00,,3145.0,CUST-0511,Karachi,False,Karachi,2026-06-27,2026-06-01
#1589,2026-06-27 12:01:22+00:00,,4140.0,CUST-0512,Sialkot,False,Sialkot,2026-06-27,2026-06-01
#1590,2026-06-27 12:46:52+00:00,,3930.0,CUST-0478,Sialkot,False,Sialkot,2026-06-27,2026-06-01
#1591,2026-06-27 12:55:45+00:00,,3145.0,CUST-0513,Rawalpindi,False,Rawalpindi,2026-06-27,2026-06-01
#1592,2026-06-27 13:03:51+00:00,,3140.0,CUST-0496,Islamabad,False,Islamabad,2026-06-27,2026-06-01
#1593,2026-06-27 13:52:05+00:00,,1600.0,CUST-0514,Lahore,False,Lahore,2026-06-27,2026-06-01
#1594,2026-06-28 07:07:49+00:00,,3650.0,CUST-0456,Lahore,False,Lahore,2026-06-28,2026-06-01
#1595,2026-06-28 10:13:35+00:00,,2789.12,CUST-0515,Karachi,False,Karachi,2026-06-28,2026-06-01
#1596,2026-06-28 11:50:53+00:00,,1600.0,CUST-0516,Sialkot,False,Sialkot,2026-06-28,2026-06-01
#1597,2026-06-28 12:00:17+00:00,,2789.12,CUST-0517,Peshawar,False,Peshawar,2026-06-28,2026-06-01
#1598,2026-06-28 12:18:58+00:00,,2789.12,CUST-0026,Karachi,False,Karachi,2026-06-28,2026-06-01
#1599,2026-06-28 19:30:20+00:00,,1650.0,CUST-0518,Karachi,False,Karachi,2026-06-28,2026-06-01
#1600,2026-06-28 19:33:21+00:00,,3145.0,CUST-0519,Lahore,False,Lahore,2026-06-28,2026-06-01
#1601,2026-06-28 20:52:02+00:00,,3950.0,CUST-0327,Multan,False,Multan,2026-06-28,2026-06-01
#1602,2026-06-28 22:18:55+00:00,,3145.0,CUST-0520,Karachi,False,Karachi,2026-06-28,2026-06-01
#1603,2026-06-28 22:22:19+00:00,,3650.0,CUST-0521,Karachi,False,Karachi,2026-06-28,2026-06-01
#1604,2026-06-28 23:37:00+00:00,,3950.0,CUST-0522,Lahore,False,Lahore,2026-06-28,2026-06-01
#1605,2026-06-29 14:25:43+00:00,,6489.0,CUST-0523,Lahore,False,Lahore,2026-06-29,2026-06-01
#1606,2026-06-29 18:29:24+00:00,,7489.0,CUST-0524,Lahore,False,Lahore,2026-06-29,2026-06-01
#1607,2026-06-29 21:46:15+00:00,,2650.0,CUST-0525,Khairpur,False,Other,2026-06-29,2026-06-01
#1608,2026-06-30 00:10:08+00:00,,2789.12,CUST-0061,Hyderabad,False,Hyderabad,2026-06-30,2026-06-01
#1609,2026-06-30 05:31:14+00:00,,4350.0,CUST-0526,Gilgit,False,Other,2026-06-30,2026-06-01
#1610,2026-06-30 06:03:15+00:00,,3145.0,CUST-0527,Lahore,False,Lahore,2026-06-30,2026-06-01
#1611,2026-06-30 07:03:40+00:00,,4140.0,CUST-0528,Sialkot,False,Sialkot,2026-06-30,2026-06-01
#1612,2026-06-30 08:47:03+00:00,,3145.0,CUST-0529,Rawalpindi,False,Rawalpindi,2026-06-30,2026-06-01
#1613,2026-06-30 12:18:58+00:00,,5634.12,CUST-0530,Lahore,False,Lahore,2026-06-30,2026-06-01
#1614,2026-06-30 13:44:05+00:00,,3950.0,CUST-0531,Islamabad,False,Islamabad,2026-06-30,2026-06-01
#1615,2026-06-30 14:47:24+00:00,,1600.0,CUST-0532,Karachi,False,Karachi,2026-06-30,2026-06-01
#1616,2026-06-30 16:22:56+00:00,,8924.15,CUST-0533,Karachi,False,Karachi,2026-06-30,2026-06-01
#1617,2026-06-30 16:29:08+00:00,,3145.0,CUST-0534,Gujrat,False,Other,2026-06-30,2026-06-01
#1618,2026-06-30 17:00:24+00:00,,3650.0,CUST-0535,Islamabad,False,Islamabad,2026-06-30,2026-06-01
#1619,2026-06-30 18:54:11+00:00,,1600.0,CUST-0536,Lahore,False,Lahore,2026-06-30,2026-06-01
#1620,2026-06-30 19:47:07+00:00,,3950.0,CUST-0537,Karachi,False,Karachi,2026-06-30,2026-06-01
#1621,2026-06-30 19:56:12+00:00,,3649.0,CUST-0538,Lahore,False,Lahore,2026-06-30,2026-06-01
#1622,2026-06-30 20:21:04+00:00,,3649.0,CUST-0539,Rawalpindi,False,Rawalpindi,2026-06-30,2026-06-01
#1623,2026-06-30 23:15:43+00:00,,13419.12,CUST-0540,Islamabad,False,Islamabad,2026-06-30,2026-06-01
#1624,2026-07-01 00:24:13+00:00,,3649.0,CUST-0484,Rawalpindi,False,Rawalpindi,2026-07-01,2026-07-01
#1625,2026-07-01 01:53:16+00:00,,2650.0,CUST-0541,Lahore,False,Lahore,2026-07-01,2026-07-01
#1626,2026-07-01 11:31:50+00:00,,10429.12,CUST-0542,Rawalpindi,False,Rawalpindi,2026-07-01,2026-07-01
#1627,2026-07-01 12:01:00+00:00,,2650.0,CUST-0543,Karachi,False,Karachi,2026-07-01,2026-07-01
#1628,2026-07-01 12:03:07+00:00,,3950.0,CUST-0544,Karachi,False,Karachi,2026-07-01,2026-07-01
#1629,2026-07-01 14:17:00+00:00,,1600.0,CUST-0545,Lahore,False,Lahore,2026-07-01,2026-07-01
#1630,2026-07-01 15:38:51+00:00,,5495.0,CUST-0546,Islamabad,False,Islamabad,2026-07-01,2026-07-01
#1631,2026-07-01 17:38:58+00:00,,3145.0,CUST-0547,Lahore,False,Lahore,2026-07-01,2026-07-01
#1632,2026-07-01 20:28:11+00:00,,3650.0,CUST-0548,Lahore,False,Lahore,2026-07-01,2026-07-01
